,name,label
0,"09 Kasım 2022: Bairro Alto Hotel transfer, check-in ve serbest zaman",ACTIVITY
1,09 Kasım 2022: İstanbul – Lizbon uçuşu (TK 1759),ACTIVITY
2,1950’lerden kalma Amerikan arabaları ile Havana turu,ACTIVITY
3,2018-11-14,DATE_START
4,2018-11-21,DATE_END
5,2022-07-08,DATE_START
6,2022-07-19,DATE_END
7,2023-12-06,DATE_START
8,2023-12-16,DATE_END
9,2024-01-08,DATE_START
10,2024-01-15,DATE_END
11,2024-01-17,DATE_END
12,2024-04-06,DATE_START
13,2024-04-13,DATE_END
14,2024-04-20,DATE_START
15,2024-04-25,DATE_END
16,2025-01-04,DATE_START
17,2025-01-19,DATE_START
18,2025-01-22,DATE_END
19,2025-01-22,DATE_START
20,2025-01-24,DATE_END
21,2025-01-30,DATE_END
22,2025-02-05,DATE_START
23,2025-02-18,DATE_END
24,2025-04-20,DATE_START
25,2025-04-23,DATE_END
26,2025-05-04,DATE_START
27,2025-05-07,DATE_END
28,2025-05-18,DATE_START
29,2025-05-24,DATE_END
30,2025-06-20,DATE_START
31,2025-06-23,DATE_END
32,2025-06-24,DATE_END
33,2025-08-04,DATE_START
34,2025-08-08,DATE_END
35,2025-08-18,DATE_START
36,2025-08-25,DATE_END
37,2025-09-12,DATE_START
38,2025-09-15,DATE_END
39,2025-09-21,DATE_START
40,2025-09-23,DATE_END
41,2025-10-03,DATE_START
42,2025-10-06,DATE_END
43,2025-10-07,DATE_START
44,2025-10-11,DATE_END
45,2025-11-09,DATE_START
46,2025-11-11,DATE_END
47,2025-12-07,DATE_START
48,2025-12-16,DATE_END
49,2025-12-20,DATE_START
50,2025-12-25,DATE_END
51,2025-12-25,DATE_START
52,2025-12-29,DATE_END
53,2026-01-03,DATE_END
54,2026-01-25,DATE_START
55,59. Venedik Bienali,TRIP
56,A-Ma Tapınağı,ACTIVITY
57,ABD,HIGHLIGHT
58,ACE Hotel Kyoto,HOTEL
59,ACROPOLIS TOUR,ACTIVITY
60,AMALFI TURU 20 – 23 HAZİRAN,TRIP
61,AMALFI TURU 20 – 24 HAZİRAN,TRIP
62,ARCHITECTURE,HIGHLIGHT
63,ARLES TURU 03 – 06 EKİM,TRIP
64,ART,HIGHLIGHT
65,ATHENS,CITY
66,ATHENS PLAZA HOTEL,HOTEL
67,AVUSTRALYA & YENİ ZELANDA TURU 14 ARALIK – 3 OCAK,TRIP
68,AYASOFYA CAMII,ACTIVITY
69,Aarti töreni,HIGHLIGHT
70,Abbaye Sainte-Marie-Madeleine - Vézelay,ACTIVITY
71,Abu Dhabi,CITY
72,Abu Dhabi,HIGHLIGHT
73,Abu Dhabi – Ras Al Khaimah transferi,TRANSPORT
74,Ada içi özel araç transferleri,TRANSPORT
75,"Address Dubai Mall, Dubai",HOTEL
76,Adelaide,CITY
77,Adelaide - Brisbane İç Hat Uçuşu,TRANSPORT
78,Adolf Hitler’in Kartal Yuvası,ACTIVITY
79,Aerolineas Argentinas AR1783 Iguazú - Buenos Aires,TRANSPORT
80,Aeroméxico AM826D,TRANSPORT
81,Agzikarahan Kervansarayı,ACTIVITY
82,Ai Weiwei sergisi,ACTIVITY
83,Air India AI406,TRANSPORT
84,Air Kenya iç hat uçuşu,TRANSPORT
85,Aix-en-Provence,CITY
86,Aix-en-Provence,HIGHLIGHT
87,Akihabara gezisi,ACTIVITY
88,Akşam Safari,ACTIVITY
89,Akşam safari,ACTIVITY
90,Alberobello,CITY
91,Alberobello,HIGHLIGHT
92,Alberobello Trulli Evleri,ACTIVITY
93,Alcazaba,ACTIVITY
94,Alcazar Kalesi - Córdoba,ACTIVITY
95,Alcázar - Sevilla,ACTIVITY
96,Alegra Benardete ile Sicilya’da Nefes,TRIP
97,Ali ibn Yusuf Medresesi ziyareti,ACTIVITY
98,Alman Kasabası Hahndorf,ACTIVITY
99,Almanac Barcelona,HOTEL
100,Almanya,COUNTRY
101,Altın Kule (Torre del Oro),ACTIVITY
102,Alışveriş,HIGHLIGHT
103,Amalfi,CITY
104,Amalfi Kasabası Gezisi,ACTIVITY
105,Amanhã (Yarının Müzesi),ACTIVITY
106,Amber Fort,ACTIVITY
107,Amber Kalesi ziyareti,ACTIVITY
108,Amboise,CITY
109,Amboise Şatosu,ACTIVITY
110,Amerika Birleşik Devletleri,COUNTRY
111,Amman,CITY
112,Amman,HIGHLIGHT
113,Amman şehir turu,ACTIVITY
114,Ananda ve Gubyaukgyi tapınakları ziyareti,ACTIVITY
115,Anantara Golden Triangle,HIGHLIGHT
116,"Anantara Golden Triangle, Chiang Rai",HOTEL
117,Anayasa Limanı - Hobart,ACTIVITY
118,Angkor,HIGHLIGHT
119,Angkor Wat,HIGHLIGHT
120,Antico Ristorante Paoli 1827,RESTAURANT
121,Antik Roma Amfitiyatrosu,ACTIVITY
122,Antinori nel Chianti Classico Şaraphanesi,ACTIVITY
123,Antoni Tàpies Müzesi ziyareti,ACTIVITY
124,Antropoloji Müzesi,ACTIVITY
125,Anzac-Atatürk Anıtı,ACTIVITY
126,Arashiyama Bamboo Grove ziyareti,ACTIVITY
127,Arashiyama bölgesi ziyareti,ACTIVITY
128,Arctic Restaurant,RESTAURANT
129,Arctic TreeHouse Hotel,HOTEL
130,Arethusa Çeşmesi,ACTIVITY
131,Arjantin,COUNTRY
132,Arjantin,HIGHLIGHT
133,Arjantin Gezisi,TRIP
134,Arkeoloji,HIGHLIGHT
135,Arles,CITY
136,Arles,HIGHLIGHT
137,Arles Gezisi,ACTIVITY
138,Arles Luma Müzesi ziyareti,ACTIVITY
139,Arles şehir gezisi,ACTIVITY
140,Arsenale ana sergi turu,ACTIVITY
141,Art House Project,ACTIVITY
142,Art Tour,ACTIVITY
143,Artemis Restaurant ve Şarapevi,RESTAURANT
144,Arusha,CITY
145,Arşimed Meydanı,ACTIVITY
146,Ashinoko Gölü tekne turu,ACTIVITY
147,Ashinoko Tekne Gezisi,ACTIVITY
148,Astrup Fearnley Museum of Modern Art,ACTIVITY
149,Aswan,CITY
150,Atelier de Cezanne ziyareti,ACTIVITY
151,Ateş Böceği Mağarası,ACTIVITY
152,Atlantis The Royal,HOTEL
153,Atlı Kızak Turu (St Wolfgang),ACTIVITY
154,Auberge de la Madone - Fleurie,RESTAURANT
155,Aubergine Restaurant,RESTAURANT
156,Auckland,CITY
157,Auckland Şehir Gezisi,ACTIVITY
158,Aurora,HIGHLIGHT
159,Aurora Borealis Macerası,ACTIVITY
160,Avarum Restaurant,RESTAURANT
161,Avignon,CITY
162,Avignon,HIGHLIGHT
163,Avignon Gezisi,ACTIVITY
164,Avustralya,COUNTRY
165,Avustralya,HIGHLIGHT
166,Avustralya Gezisi,TRIP
167,Avustralya – Yeni Zelanda,TRIP
168,Avusturya,COUNTRY
169,Ayasofya,ACTIVITY
170,Aziz John Baptist Kilisesi,ACTIVITY
171,Aziz Paulo Katedrali Harabesi - Macau,ACTIVITY
172,Aziz Sava Kilisesi,ACTIVITY
173,Aztek,HIGHLIGHT
174,BAE,HIGHLIGHT
175,BAE Gezisi - Fuat Pamukçu,TRIP
176,BALI & BANGKOK TURU 18 TEMMUZ – 06 AĞUSTOS,TRIP
177,BALKAN CULTURAL SITES,ACTIVITY
178,BALKAN CULTURE TOUR 2025,TRIP
179,BALKANS 2025,TRIP
180,BALKANS LOOP 2025,TRIP
181,BALLOON RIDE,ACTIVITY
182,BARCELONA,CITY
183,BARCELONA ARCHITECTURE 2024,TRIP
184,BARCELONA TURU 09 – 11 KASIM,TRIP
185,BELGRAD TURU 21 – 23 EYLÜL,TRIP
186,BIG BEN,ACTIVITY
187,BILBAO & SAN SEBASTIAN TURU 12 – 15 EYLÜL,TRIP
188,BLUE MOSQUE,ACTIVITY
189,BOAT,TRANSPORT
190,BREZİLYA – ARJANTİN – ŞİLİ TURU 04 – 22 OCAK,TRIP
191,BRITISH MUSEUM,ACTIVITY
192,BRUGGE & LOIRE TURU 20 – 23 NİSAN,TRIP
193,BULGARIA,COUNTRY
194,BUS,TRANSPORT
195,Babel Hotel,HOTEL
196,Babylonstoren Hotel,HOTEL
197,Bagan,CITY
198,Bagan,HIGHLIGHT
199,Bagan tapınakları gezisi,ACTIVITY
200,"Bairro Alto Hotel, Praça Luís de Camões, 2 1200",HOTEL
201,Balenciaga,HIGHLIGHT
202,Bali,CITY
203,Bali,HIGHLIGHT
204,Balina,HIGHLIGHT
205,Bali’de tapınak ziyaretleri ve sahil aktiviteleri,ACTIVITY
206,Ballarat,CITY
207,Ballindalloch Castle & Gardens,ACTIVITY
208,Balon Turu,ACTIVITY
209,Balsamik sirke tadımı ve üretici ziyareti,ACTIVITY
210,Bangkok,CITY
211,Bangkok,HIGHLIGHT
212,Bangkok & Hong Kong Gezisi,TRIP
213,Bangkok Kanalları Gezisi,ACTIVITY
214,Bangkok kanal turu (Thonburi Klongs) ve Chao Phraya Nehri gezisi,ACTIVITY
215,Bangkok Şehir Gezisi,ACTIVITY
216,Bangkok şehir turu,ACTIVITY
217,Bangkok şehir turu ve alışveriş aktiviteleri,ACTIVITY
218,"Bangkok şehir turu: Wat Arun, Wat Pho, Çin Mahallesi",ACTIVITY
219,Bangkok – Bali uçuşu,TRANSPORT
220,"Bangkok – Chiang Rai uçuşu (PG231, Bangkok Airways)",TRANSPORT
221,"Bangkok – Danang uçuşu (PG222, Bangkok Airways)",TRANSPORT
222,Bangkok – İstanbul dönüş uçuşu (THY 69),TRANSPORT
223,Bangkok – İstanbul uçuşu (THY69),TRANSPORT
224,"Bangkok – İstanbul uçuşu (TK 65, Türk Hava Yolları)",TRANSPORT
225,Bangkok’ta Grand Palace & Wat Phra Kaew ziyareti,ACTIVITY
226,Banh Xeo,HIGHLIGHT
227,Banteay Srei ve Banteay Samre tapınakları ziyareti,ACTIVITY
228,Bar Vitelli,ACTIVITY
229,Barcelona,CITY
230,Barcelona şehir gezisi,ACTIVITY
231,BarcelonaMilona,RESTAURANT
232,Barceloneta Restoran,RESTAURANT
233,Bari,CITY
234,Bari Şehir Gezisi,ACTIVITY
235,Barok,HIGHLIGHT
236,Barok Mimari,HIGHLIGHT
237,Barossa Valley,CITY
238,Barossa Valley Şarap Bağları,ACTIVITY
239,Barselona,CITY
240,Barselona,HIGHLIGHT
241,Barselona Gezisi,TRIP
242,Barselona içi transferler,TRANSPORT
243,Basilica di Sant’Antonino,ACTIVITY
244,Batalha Meydanı,ACTIVITY
245,Bağ Bozumu,HIGHLIGHT
246,Bağ bozumu deneyimi,ACTIVITY
247,Beach Restaurant (The Surin),RESTAURANT
248,"Beach Restaurant, The Surin (Phuket)",RESTAURANT
249,Beach Villa with Pool,HOTEL
250,Beagle Kanalı - Ushuaia,ACTIVITY
251,Beaujolais Şarap Bağları - Fleurie,ACTIVITY
252,Beaune,CITY
253,Beaune,HIGHLIGHT
254,Beffroi Meydanı - Nuits-Saint-Georges,ACTIVITY
255,Belediye Binası,ACTIVITY
256,Belgrad,CITY
257,Belgrad Şehir Gezisi,ACTIVITY
258,Belisirma Nehir Kenarı Restoran,RESTAURANT
259,Belmond,HIGHLIGHT
260,Belmond La Résidence d’Angkor,HOTEL
261,Belmond Miraflores Park (Lima),HOTEL
262,Belmond Road to Mandalay Cruise,HOTEL
263,Belçika,COUNTRY
264,Ben Thanh Market ziyareti,ACTIVITY
265,Ben Thanh Pazarı ve Nguyen Hue caddelerinde alışveriş,ACTIVITY
266,Benedictine Manastırı - Cluny,ACTIVITY
267,Benesse House,ACTIVITY
268,Benesse House,HOTEL
269,Berchtesgaden,CITY
270,Bergen,CITY
271,Bergen Børs Hotel,HOTEL
272,Bergen Market Square & Balık Pazarı,ACTIVITY
273,Bhaktapur,CITY
274,Bhaktapur - Katmandu,ACTIVITY
275,Bhaya Cruise,HIGHLIGHT
276,Bhaya Cruise (Lan Ha Bay / Ha Long),HOTEL
277,Bhutan,COUNTRY
278,Bhutan,HIGHLIGHT
279,Bhutan & Nepal Gezisi,TRIP
280,Biarritz,CITY
281,Biarritz,HIGHLIGHT
282,Biarritz Gezisi,ACTIVITY
283,Biarritz Grande Plage,ACTIVITY
284,Biarritz Şehir Turu,ACTIVITY
285,Bienal,HIGHLIGHT
286,Big Buddha,HIGHLIGHT
287,Bilbao,CITY
288,Bilbao,HIGHLIGHT
289,Bilbao & San Sebastián Gezisi,TRIP
290,Bilbao Şehir Turu,ACTIVITY
291,Birleşik Arap Emirlikleri,COUNTRY
292,Bisate Lodge,HOTEL
293,Bishnoi köyü safari gezisi,ACTIVITY
294,Blair Castle,ACTIVITY
295,Blois,CITY
296,Blue Lagoon,ACTIVITY
297,Blue Mountains Gezisi,ACTIVITY
298,Bo Sang Köyü,ACTIVITY
299,Bo-Kaap Mahallesi,ACTIVITY
300,Boavista,ACTIVITY
301,Bogotá,CITY
302,Bogotá,HIGHLIGHT
303,Bogotá şehir turu,ACTIVITY
304,Bologna,CITY
305,Bologna,HIGHLIGHT
306,Bologna Havalimanı – Toskana otel transferi,TRANSPORT
307,Bologna Havalimanı – şehir içi transfer,TRANSPORT
308,Bologna Havalimanı – şehir merkezi transferi,TRANSPORT
309,"Bologna şehir turu (Piazza Maggiore, Basilica di San Petronio, Fontana di Nettuno, Palazzo Communale)",ACTIVITY
310,Bologna – İstanbul uçuşu (Türk Hava Yolları),TRANSPORT
311,Bologna – şehir içi transferler,TRANSPORT
312,Bondi Plajı,ACTIVITY
313,Borgo Santo Pietro,HIGHLIGHT
314,Borgo Santo Pietro,HOTEL
315,Botanik Bahçeleri - Sydney,ACTIVITY
316,Bottega Della Tarsia Lignea Müzesi,ACTIVITY
317,Boulders Beach - Penguenler,ACTIVITY
318,Boulders Beach Penguen Kolonisi,ACTIVITY
319,Boulders Beach penguen kolonisi ziyareti,ACTIVITY
320,Boulders Penguen Kolonisi,ACTIVITY
321,Boğaz Turu,ACTIVITY
322,Brezilya,COUNTRY
323,Brezilya,HIGHLIGHT
324,Brezilya & Arjantin Gezisi,TRIP
325,Brijrama Palace,HOTEL
326,Brisbane,CITY
327,Brisbane Şehir Turu,ACTIVITY
328,Brugge,CITY
329,Brugge Gezisi,ACTIVITY
330,Bryggen Tracteursted,RESTAURANT
331,Buca Lapi,RESTAURANT
332,Buca Mario,RESTAURANT
333,Budizm,HIGHLIGHT
334,Buenos Aires,CITY
335,Buenos Aires,HIGHLIGHT
336,Buenos Aires Modern Sanat Müzesi,ACTIVITY
337,Buenos Aires Restaurant Önerileri,RESTAURANT
338,Buitenverwachting Restaurant,RESTAURANT
339,Bukhara - ITC Maurya Hotel,RESTAURANT
340,Bundi Palace ve Chitra Shala gezisi,ACTIVITY
341,Burgonya,HIGHLIGHT
342,Burgonya Gezisi,TRIP
343,Bölge içi kara transferleri,TRANSPORT
344,Bölge içi kara transferleri ve araç kiralama,TRANSPORT
345,Büyük Giza Sfenksi,ACTIVITY
346,Büyük Mısır Müzesi,ACTIVITY
347,Büyük Saray,ACTIVITY
348,CAPPADOCIA,CITY
349,CAPPADOCIA DREAM 2023,TRIP
350,CASA BATLLO,ACTIVITY
351,CENTRAL PARK,ACTIVITY
352,CITY BREAK,HIGHLIGHT
353,COLOSSEUM,ACTIVITY
354,COLOSSEUM TOUR,ACTIVITY
355,COMO Castello del Nero,HIGHLIGHT
356,COMO Castello del Nero,HOTEL
357,CULTURE,HIGHLIGHT
358,Cadaques,CITY
359,Cafe Iruña,RESTAURANT
360,Cafe Sacher Salzburg,RESTAURANT
361,Café Tadoa Ando,RESTAURANT
362,Caixa Forum gezisi,ACTIVITY
363,Callaway Winery,HIGHLIGHT
364,Callaway Winery ziyareti ve şarap tadımı,ACTIVITY
365,Cam Igloo Deneyimi,ACTIVITY
366,Camera Obscura & World of Illusions,ACTIVITY
367,Camps Bay Plajı,ACTIVITY
368,Camps Bay ve Clifton Beach,ACTIVITY
369,Canberra,CITY
370,Canberra Şehir Turu,ACTIVITY
371,Cancun,CITY
372,Cancun,HIGHLIGHT
373,Cancún,CITY
374,Cancún,HIGHLIGHT
375,Canne Bianche Lifestyle & Hotel,HOTEL
376,Cape Horn,ACTIVITY
377,Cape Horn,CITY
378,Cape Point,ACTIVITY
379,Cape Point,HIGHLIGHT
380,Cape Point & Ümit Burnu,ACTIVITY
381,Cape Point gezisi,ACTIVITY
382,Cape Town,CITY
383,Cape Town,HIGHLIGHT
384,Cape Town & Masa Dağı Gezisi,ACTIVITY
385,Cape Town Belediye Binası,ACTIVITY
386,Cape Town Gezisi,TRIP
387,Cape Town Graffiti Street Art Turu,ACTIVITY
388,Cape Town V&A Waterfront gezisi,ACTIVITY
389,Cape Town Şehir Gezisi,ACTIVITY
390,Cape Town şehir turu,ACTIVITY
391,Cape Town şehir turu ve çevre gezileri,ACTIVITY
392,Cape Winelands bölgesi ziyareti,ACTIVITY
393,Capella Bangkok Hotel,HOTEL
394,Capilla Real,ACTIVITY
395,Carmen de los Mártires Bahçesi,ACTIVITY
396,Carpe Diem Beach Club,RESTAURANT
397,Carrières de Lumières ziyareti,ACTIVITY
398,Cartagena,CITY
399,Cartagena,HIGHLIGHT
400,Cartagena eski şehir gezisi,ACTIVITY
401,Casa Di Melo Otel,HOTEL
402,Casa Milà,ACTIVITY
403,Casa Montejo ziyareti,ACTIVITY
404,Casa Rosada,ACTIVITY
405,Casa de Chá de Boa Nova,RESTAURANT
406,Casa del Rey Moro,ACTIVITY
407,Casino Municipal - Biarritz,ACTIVITY
408,Casinolar,HIGHLIGHT
409,Castel dell’Ovo,ACTIVITY
410,Cattedrale di San Giovanni Battista,ACTIVITY
411,Cattedrale di Sant’Andrea,ACTIVITY
412,Central Park,HIGHLIGHT
413,Central Park ziyareti,ACTIVITY
414,Centro Histórico,ACTIVITY
415,Cesky Krumlov,CITY
416,Cesky Krumlov,HIGHLIGHT
417,Cesky Krumlov şehir turu,ACTIVITY
418,Chandni Chowk,ACTIVITY
419,Chapelle Impériale - Biarritz,ACTIVITY
420,Chapman’s Peak Drive,ACTIVITY
421,Charter Flight Cessna Caravan 208 - Nairobi to Masai Mara,TRANSPORT
422,Chateau Estoublon,ACTIVITY
423,Chateau La Coste Art Tour,ACTIVITY
424,Chateau d’Estoublon,RESTAURANT
425,Chatuchak Weekend Market,ACTIVITY
426,Che Guevara’nın evi ziyareti,ACTIVITY
427,Cheverny Şatosu,ACTIVITY
428,Chiang Mai,CITY
429,Chiang Mai şehir turu,ACTIVITY
430,Chiang Rai,CITY
431,Chiang Rai,HIGHLIGHT
432,Chiang Rai Gezisi,ACTIVITY
433,Chiang Rai fil kampı ziyareti,ACTIVITY
434,"Chiang Rai’de fil sürüşü, Altın Üçgen gezisi veya yemek kursu",ACTIVITY
435,Chianti,CITY
436,Chianti,HIGHLIGHT
437,Chianti bölgesinde üzüm bağları ve köyler,ACTIVITY
438,Chichen Itza,ACTIVITY
439,Chichen Itza,CITY
440,Chichen Itza,HIGHLIGHT
441,Chichen-Itza arkeolojik alanı ziyareti,ACTIVITY
442,Chichu Sanat Müzesi,ACTIVITY
443,Chiesa Anime Sante del Purgatorio,ACTIVITY
444,Chiesa di San Carlo - Noto,ACTIVITY
445,Chiesa di San Francesco - Noto,ACTIVITY
446,Chiesa di Santa Maria delle Scale,ACTIVITY
447,Churchill Graham Şaraphanesi,ACTIVITY
448,Château La Coste,RESTAURANT
449,Château La Coste sanat ve mimari gezisi,ACTIVITY
450,Château La Coste şarap evi ve bahçeleri ziyareti,ACTIVITY
451,Château de Blois,ACTIVITY
452,Château de Chambord,ACTIVITY
453,Château de Chenonceau,ACTIVITY
454,Château du Clos Lucé,ACTIVITY
455,Cienfuegos,CITY
456,"Cienfuegos şehir turu (Valle Sarayı, Jose Marti Parkı, Prado Promenade)",ACTIVITY
457,City Palace - Jaipur,ACTIVITY
458,City Palace - Udaipur,ACTIVITY
459,City Palace Özel Akşam Yemeği,RESTAURANT
460,Ciutadella Park,ACTIVITY
461,Clara Restaurant,RESTAURANT
462,Clos de Lucé,ACTIVITY
463,Cluny,CITY
464,Cluny,HIGHLIGHT
465,Colline Éternelle - Vézelay Şarap Tadımı,ACTIVITY
466,Comendadoras de Santiago,ACTIVITY
467,Cordoba,CITY
468,Cordoba,HIGHLIGHT
469,Cordoba turu,ACTIVITY
470,Corso Umberto,ACTIVITY
471,Corso Vittorio Emanuele - Noto,ACTIVITY
472,Cortona,CITY
473,Cortona Tarihi Sokaklar,ACTIVITY
474,Cospicua,CITY
475,Coyoacan köyü ziyareti,ACTIVITY
476,Coyoacán & Frida Kahlo Müzesi,ACTIVITY
477,Cristo Redentor,HIGHLIGHT
478,Cristo Redentor Heykeli - Corcovado,ACTIVITY
479,Cristóbal Balenciaga Museoa - Getaria,ACTIVITY
480,Cruise,HIGHLIGHT
481,Crystal Gallery,ACTIVITY
482,Cu Chi Tünelleri gezisi,ACTIVITY
483,Cumhurbaşkanlığı Sarayı,ACTIVITY
484,Cusco,CITY
485,Cusco,HIGHLIGHT
486,Cusco turu,ACTIVITY
487,Cusco şehir turu,ACTIVITY
488,Córdoba,CITY
489,Córdoba,HIGHLIGHT
490,DANİMARKA & NORVEÇ TURU 18 – 25 AĞUSTOS 2025,TRIP
491,DISHOOM,RESTAURANT
492,Da Giacomo,RESTAURANT
493,Dali Müzesi ziyareti,ACTIVITY
494,Damat Ali Paşa Türbesi,ACTIVITY
495,Damnoen Saduak yüzen pazar ziyareti (Bangkok),ACTIVITY
496,Danang,CITY
497,Danang,HIGHLIGHT
498,Danimarka,COUNTRY
499,Darling Harbour,ACTIVITY
500,David Livingstone Müzesi,ACTIVITY
501,Dead Sea,CITY
502,Dead Sea,HIGHLIGHT
503,Dead Sea’de konaklama ve dinlenme,ACTIVITY
504,Delaire Graff,RESTAURANT
505,Delaire Graff Indochine Restaurant,RESTAURANT
506,Delhi,CITY
507,Delhi,HIGHLIGHT
508,Delhi şehir turu,ACTIVITY
509,"Delhi – Varanasi uçuşu (AI406, Air India)",TRANSPORT
510,Designmuseum Danmark,ACTIVITY
511,Deve Gezisi - Piramitler,ACTIVITY
512,Devrim Müzesi ziyareti,ACTIVITY
513,Deyrulzafaran Manastırı ziyareti,ACTIVITY
514,Dijon,CITY
515,Dijon,HIGHLIGHT
516,Doba Restaurant and Terrace,RESTAURANT
517,"Doha – Nairobi uçuşu (QR 1335, Qatar Airways)",TRANSPORT
518,Domaine Rion Armelle et Bernard - Şarap Tadımı,ACTIVITY
519,Domenico Modugno Heykeli - Polignano a Mare,ACTIVITY
520,Dominicans of Santo Domingo,ACTIVITY
521,Douro Nehri,HIGHLIGHT
522,Doğa,HIGHLIGHT
523,Doğu Bahçeler,ACTIVITY
524,Dubai,CITY
525,Dubai,HIGHLIGHT
526,Dubai Autodrome Circuit,ACTIVITY
527,Dubai Creek – Old Town,ACTIVITY
528,Dubai Mall,ACTIVITY
529,Dubai Programı,TRIP
530,Duomo - Noto,ACTIVITY
531,Duomo Meydanı - Ortigia,ACTIVITY
532,Duomo di Napoli,ACTIVITY
533,Duomo di San Giorgio,ACTIVITY
534,EDINBURGH & HIGHLANDS TURU 4 – 8 AĞUSTOS,TRIP
535,EIFFEL TOWER,ACTIVITY
536,EIXAMPLE HOTEL,HOTEL
537,EUROPE CLASSICS 2025,TRIP
538,EX90,HIGHLIGHT
539,Eat Me Restaurant,RESTAURANT
540,Edfu Tapınağı,ACTIVITY
541,Edinburgh,CITY
542,Efes,CITY
543,Efes Antik Kenti,ACTIVITY
544,Eglise Saint-Jean-Baptiste - Saint-Jean-de-Luz,ACTIVITY
545,El Alamillo Köprüsü,ACTIVITY
546,El Refaei Camii,ACTIVITY
547,El Tajo Kanyonu,ACTIVITY
548,El Tribut,RESTAURANT
549,Elephanta Adası ve Trimurti heykeli ziyareti,ACTIVITY
550,Elhamra,HIGHLIGHT
551,Elhamra Sarayı,ACTIVITY
552,Elhamra Sarayı,HIGHLIGHT
553,Elhamra Sarayı gezisi,ACTIVITY
554,Elkano Restaurant,RESTAURANT
555,Elkano Restoran - Getaria,RESTAURANT
556,Emara Ole Sereni Hotel,HOTEL
557,Emirates EK124,TRANSPORT
558,Endonezya,COUNTRY
559,Endonezya,HIGHLIGHT
560,Endülüs,HIGHLIGHT
561,Endülüs Gezisi,TRIP
562,Endülüs Gezisi - Berrin Zorlu,TRIP
563,Endülüs içi kara transferleri,TRANSPORT
564,Enoteca 1756 Restaurant,RESTAURANT
565,Err Restaurant,RESTAURANT
566,Eski Mardin Evleri ve Abbara tünelleri gezisi,ACTIVITY
567,Eski PTT Binası gezisi,ACTIVITY
568,Estiatorio Milos Dubai,RESTAURANT
569,Etna,CITY
570,Etna,HIGHLIGHT
571,Etna Yanardağı,ACTIVITY
572,Etna Yanardağı gezisi,ACTIVITY
573,FORUM INN,HOTEL
574,FRANCE,COUNTRY
575,FUSHIMI INARI SHRINE,ACTIVITY
576,Fas,COUNTRY
577,Fas,HIGHLIGHT
578,Fas içi transferler,TRANSPORT
579,Ferrari,HIGHLIGHT
580,Ferrari Müzesi ziyareti ve test sürüşü,ACTIVITY
581,Ferrari World,HIGHLIGHT
582,Ferrari World Abu Dhabi – Driving Experience,ACTIVITY
583,Fervor Restaurant,RESTAURANT
584,Fes,CITY
585,Fes,HIGHLIGHT
586,Fikirbayır,ACTIVITY
587,Finlandiya,COUNTRY
588,Finlandiya,HIGHLIGHT
589,Fitzroy Gardens & Captain Cook’un Evi,ACTIVITY
590,Fjallsárlón Glacier Lagoon,ACTIVITY
591,Fjellskål Seafood Restaurant,RESTAURANT
592,Fleurie,CITY
593,Flinders Chase National Park,ACTIVITY
594,Floransa,CITY
595,Floransa,HIGHLIGHT
596,Floransa çevresinde geziler,ACTIVITY
597,Floransa şehir turu (Piazza Della Signoria ve diğer yapılar),ACTIVITY
598,Floridita,RESTAURANT
599,Floridita’da öğle yemeği ve daiquiri kokteyl tadımı,ACTIVITY
600,Flåm,CITY
601,Flåm Railway Museum,ACTIVITY
602,Fonab Castle Hotel,HOTEL
603,Fondation Vincent van Gogh Arles ziyareti,ACTIVITY
604,Fonte Arethusa,ACTIVITY
605,Fort William,CITY
606,Forte dei Marmi,CITY
607,Forte dei Marmi,HIGHLIGHT
608,Forte dei Marmi sahil tatili,ACTIVITY
609,Forza d’Agrò,CITY
610,Forza d’Agrò Ortaçağ Köyü,ACTIVITY
611,Fosshotel Glacier Lagoon,HOTEL
612,Four Points by Sheraton JKIA,HOTEL
613,Four Seasons Hotel Cairo at Nile Plaza,HOTEL
614,Four Seasons Hotel The Westcliff,HOTEL
615,Foz do Douro,ACTIVITY
616,Foz do Iguaçu,CITY
617,Franklin Meydanı - Hobart,ACTIVITY
618,Fransa,COUNTRY
619,Fransa,HIGHLIGHT
620,Franschhoek,ACTIVITY
621,Franschhoek,CITY
622,Franschhoek,HIGHLIGHT
623,Franschhoek Motor Müzesi,ACTIVITY
624,Franschhoek ve Stellenbosch şarap bağları gezisi,ACTIVITY
625,Franschhoek Şarap Bağları,ACTIVITY
626,Franschhoek Şarap Bağları ve Galeriler,ACTIVITY
627,Fretheim Hotel,HOTEL
628,Frida Kahlo Müzesi ziyareti,ACTIVITY
629,Frieze London,HIGHLIGHT
630,Frieze London 2023,TRIP
631,Frieze London fuarı gezisi,ACTIVITY
632,Frieze Sculpture Park ziyareti,ACTIVITY
633,Fundació Suñol ziyareti,ACTIVITY
634,Fundación Rodriguez-Acosta Sanat Müzesi,ACTIVITY
635,Fushimi Inari Tapınağı ziyareti,ACTIVITY
636,GAUDI WEEKEND 2025,TRIP
637,GION RYOKAN,HOTEL
638,GOREME,CITY
639,GOREME CAVE HOTEL,HOTEL
640,GOREME OPEN AIR MUSEUM,ACTIVITY
641,GRAND BAZAAR,ACTIVITY
642,GREECE,COUNTRY
643,Gaia Şarap Evleri,ACTIVITY
644,Gala Restoran,RESTAURANT
645,Galleria dell’Accademia,ACTIVITY
646,Game Drive,HIGHLIGHT
647,Game Drives - Masai Mara,ACTIVITY
648,Gamze Çuhadaroglu PROVENCE 2022,TRIP
649,Ganj Nehri,HIGHLIGHT
650,Ganj Nehri Aarti Töreni,ACTIVITY
651,Garrya Nijo Castle Kyoto,HOTEL
652,Gastronomi,HIGHLIGHT
653,Gaudi,HIGHLIGHT
654,Gaztetape Plajı - Getaria,ACTIVITY
655,Gece Safarisi,ACTIVITY
656,Geisha & Maiko Gösterisi,ACTIVITY
657,Geleneksel Türk Restoranı (Efes),RESTAURANT
658,Generalife Bahçeleri,ACTIVITY
659,Gent,CITY
660,Gent Gezisi,ACTIVITY
661,Getaria,CITY
662,Getaria,HIGHLIGHT
663,Getaria Balıkçı Köyü,ACTIVITY
664,Giardini Bienali,ACTIVITY
665,Giardini Iblei,ACTIVITY
666,Giardini ana sergi turu,ACTIVITY
667,Ginza,ACTIVITY
668,Giraffe Centre ziyareti,ACTIVITY
669,Giraffe Manor,HIGHLIGHT
670,Giraffe Manor,HOTEL
671,Giraffe Manor (kahvaltı & ikindi çayı),RESTAURANT
672,Giraffe Manor’da zürafalarla kahvaltı ve ikindi çayı,ACTIVITY
673,Giralda Kulesi,ACTIVITY
674,Girona,CITY
675,Girona,HIGHLIGHT
676,Girona Gotik Katedrali,ACTIVITY
677,Giza Piramitleri,ACTIVITY
678,Giza Piramitleri,HIGHLIGHT
679,"Giza Piramitleri gezisi (Keops, Kefren, Mikerinos)",ACTIVITY
680,Glass Restaurant - Santa Claus Village,RESTAURANT
681,Godfather Film Kilisesi - Savoca,ACTIVITY
682,Gold Coast,CITY
683,Gold Coast,HIGHLIGHT
684,Golden Triangle Gezisi,ACTIVITY
685,Golden Triangle bölgesi gezisi,ACTIVITY
686,Gordes,CITY
687,Gordes,HIGHLIGHT
688,Gordes Gezisi,ACTIVITY
689,Gordes ve Roussillon köy gezileri,ACTIVITY
690,Goril Trekking,HIGHLIGHT
691,Gotik Mahallesi,ACTIVITY
692,Goðafoss Şelalesi,ACTIVITY
693,Granada,CITY
694,Granada,HIGHLIGHT
695,"Granada şehir merkezi turu (Realejo Mahallesi, Capilla Real, Katedral, Madraza)",ACTIVITY
696,Grand Hotel Timeo - Deluxe Sea View Junior Suite with balcony or terrace,HOTEL
697,Grand Palace,HIGHLIGHT
698,Grand Palace & Wat Phra Kaew - Bangkok,ACTIVITY
699,Grassl Likör Fabrikası,ACTIVITY
700,Guggenheim,HIGHLIGHT
701,Guggenheim Müzesi - Bilbao,ACTIVITY
702,Guggenheim Müzesi Gezisi,ACTIVITY
703,Guggenheim Müzesi Restoranı - Bilbao,RESTAURANT
704,Gustav Kitchen & Bar,RESTAURANT
705,GÜNEY AFRİKA TURU 07 – 16 ARALIK,TRIP
706,GÜNEY AFRİKA TURU 19 ARALIK 2025 – 3 OCAK 2026,TRIP
707,Göl kenarında özel yemek,RESTAURANT
708,Göreme Açık Hava Müzesi,ACTIVITY
709,Güllü Konak,HOTEL
710,Güney Afrika,COUNTRY
711,Güney Afrika,HIGHLIGHT
712,Güney Afrika 14-21 Kasım 2018,TRIP
713,Güney Afrika 22-30 Ocak,TRIP
714,Güney Afrika Gezisi - Tanju Kaya,TRIP
715,Güney Afrika Ulusal Müzesi (İziko),ACTIVITY
716,Güney Afrika içi araç kiralama ve transferler,TRANSPORT
717,Güney Afrika içi transferler,TRANSPORT
718,Güney Afrika'nın İlk Parfüm Müzesi,ACTIVITY
719,HISTORY,HIGHLIGHT
720,HOTEL LUMIERE,HOTEL
721,Ha Long,CITY
722,Ha Long,HIGHLIGHT
723,Ha Long (Lan Ha Bay),CITY
724,Ha Long (Lan Ha Bay) Bhaya özel tekne yolculuğu,ACTIVITY
725,Ha Long Bhaya Cruise tekne yolculuğu,TRANSPORT
726,Ha Long Körfezi,HIGHLIGHT
727,Ha Long Körfezi’nde deniz uçağı ile ulaşım ve Violet Cruise konaklaması,ACTIVITY
728,"Ha Long Körfezi’nde mağara keşfi, yüzme ve balık avı",ACTIVITY
729,Ha Long Violet Cruise – deniz ürünleri ve geleneksel Vietnam mutfağı,RESTAURANT
730,Hadrian Tapınağı,ACTIVITY
731,Hahndorf,CITY
732,Hakkasan Abu Dhabi,RESTAURANT
733,Hakone,CITY
734,Hakone Açık Hava Müzesi,ACTIVITY
735,Hakone Açık Hava Müzesi ziyareti,ACTIVITY
736,Hakone Teleferiği,ACTIVITY
737,Hali Country Hotel,HOTEL
738,Hallstatt,CITY
739,Hallstatt Gezisi,ACTIVITY
740,Halong,CITY
741,Halong,HIGHLIGHT
742,Halong Bay tekne turu,ACTIVITY
743,Hamel Sokağı ziyareti,ACTIVITY
744,Hanoi,CITY
745,Hanoi,HIGHLIGHT
746,Hanoi By Night turu,ACTIVITY
747,Hanoi şehir turu,ACTIVITY
748,"Hanoi şehir turu: Ho Chi Minh Mozolesi, Başkanlık Sarayı, Tek Sütunlu Pagoda, Edebiyat Tapınağı",ACTIVITY
749,"Hanoi şehir turu: Ho Chi Minh Mozolesi, kazık ev, Tek Sütunlu Pagoda, Edebiyat Tapınağı",ACTIVITY
750,"Hanoi şehir turu: Opera Binası, Edebiyat Tapınağı, Etnoloji Müzesi, Eski Mahalle",ACTIVITY
751,Hanoi – Ha Long deniz uçağı,TRANSPORT
752,Hanoi – Ha Long kara transferi,TRANSPORT
753,"Hanoi – Ho Chi Minh uçuşu (VN253, Vietnam Havayolları)",TRANSPORT
754,Hanoi – Nha Trang uçuşu,TRANSPORT
755,Hanoi – Saigon uçuşu,TRANSPORT
756,Hanoi’de pedallı taksi (rikşov) gezisi,ACTIVITY
757,Harabeler Parkı - Rio,ACTIVITY
758,Harads,CITY
759,Harbour House Restaurant - Kalk Bay,RESTAURANT
760,Havalimanı ve şehir içi transferler,TRANSPORT
761,Havalimanı – Bairro Alto Hotel transfer,TRANSPORT
762,Havana,CITY
763,Havana,HIGHLIGHT
764,Havana - Cancun 8-19 Temmuz 2022,TRIP
765,"Havana Eski Kenti, Malecon Bulvarı, Devrim Meydanı, Colomb Mezarlığı ve Morro Kalesi gezisi",ACTIVITY
766,Havana şehir turu,ACTIVITY
767,"Havana şehir turu (Eski Kent, Malecon, Devrim Meydanı, Colomb Mezarlığı, Miramar)",ACTIVITY
768,Hawa Mahal,ACTIVITY
769,Hayward Gallery ziyareti,ACTIVITY
770,Hector Pieterson Müzesi ziyareti,ACTIVITY
771,Hemingway’in La Finca evi ziyareti,ACTIVITY
772,Henningsvær,CITY
773,Henningsvær,HIGHLIGHT
774,Henningsvær gezisi,ACTIVITY
775,High Dam,ACTIVITY
776,Hindistan,COUNTRY
777,Hindistan,HIGHLIGHT
778,Hindistan 2024 Maide Cebi,TRIP
779,Hindistan Gezisi,TRIP
780,Hindistan Gezisi - Berrin Zorlu,TRIP
781,Hindistan Kapısı,ACTIVITY
782,Hindistan içi transferler ve uçuşlar,TRANSPORT
783,Hindistan içi uçuşlar ve transferler,TRANSPORT
784,Hindistan içi özel araç transferleri,TRANSPORT
785,Ho Chi Minh,CITY
786,Ho Chi Minh,HIGHLIGHT
787,Ho Chi Minh (Saygon),CITY
788,Ho Chi Minh City,CITY
789,Ho Chi Minh City,HIGHLIGHT
790,Ho Chi Minh City şehir turu,ACTIVITY
791,Ho Chi Minh Mozolesi,HIGHLIGHT
792,Ho Chi Minh içi Vespa ve araç transferleri,TRANSPORT
793,"Ho Chi Minh şehir turu: China Town, Thien Hau Tapınağı, Notre Dame Katedrali, Posta Merkezi, Belediye Tiyatrosu",ACTIVITY
794,"Ho Chi Minh şehir turu: Reunification Palace, War Remnants Museum, Cho Lon, Thien Hau Tapınağı, Notre Dame Katedrali, Posta Merkezi, Belediye Tiyatrosu",ACTIVITY
795,Ho Chi Minh – Phnom Penh kara/air transferi,TRANSPORT
796,Ho Chi Minh – Siem Reap uçuşu (Cambodia Angkor Air K6809),TRANSPORT
797,Hobart,CITY
798,Hobart - Adelaide İç Hat Uçuşu,TRANSPORT
799,Hodri Meydan Kulesi,ACTIVITY
800,Hohenstaufen Kalesi,ACTIVITY
801,Hoi An,CITY
802,Hoi An,HIGHLIGHT
803,Hoi An yürüyüş turu,ACTIVITY
804,Hondarribia,CITY
805,Hondarribia Eski Şehir ve Surlar,ACTIVITY
806,Hong Kong,CITY
807,Hong Kong,HIGHLIGHT
808,Hong Kong Miras Müzesi,ACTIVITY
809,Hospices de Beaune (Hôtel-Dieu),ACTIVITY
810,Hotel Ai Cavalieri,HOTEL
811,Hotel Bauer Palazzo,HOTEL
812,Hotel Bristol,HOTEL
813,Hotel Cerretani Firenze – Mgallery,HOTEL
814,Hotel De Orangerie,HOTEL
815,Hotel Du Palais Biarritz,HOTEL
816,Hotel Du Palais Biarritz - Le Sunset,RESTAURANT
817,Hotel Dukes' Palace,HOTEL
818,Hotel Goldener Hirsch,HOTEL
819,Hotel Heritage Relais Chateau,HOTEL
820,Hotel Luxury King Mountain Room,HOTEL
821,Hotel Manzana Kempinski,HOTEL
822,Hotel Maria Cristina,HOTEL
823,Hotel Metropole Taormina,HOTEL
824,Hotel Rosas,HOTEL
825,Hotel Rufolo,HOTEL
826,Hotel Tokyo Deluxe Double,HOTEL
827,Hotel Van Cleef,HOTEL
828,Hotel Villa Favorita,HOTEL
829,Hotel Zenit Convento San Martín,HOTEL
830,Hotel de Londres y de Inglaterra,HOTEL
831,Hotel des Arts Saigon,HOTEL
832,Hout Bay & Seal Island,ACTIVITY
833,Huguenot Anıt Müzesi,ACTIVITY
834,Humayun’un Mezarı,ACTIVITY
835,Humayun’un Türbesi ziyareti,ACTIVITY
836,Husky Safari,ACTIVITY
837,Husky Safari,HIGHLIGHT
838,Hyde Park,ACTIVITY
839,Hyde Park Barracks - Sydney,ACTIVITY
840,Hôtel-Dieu - Cluny,ACTIVITY
841,ICEHOTEL,HOTEL
842,ISTANBUL,CITY
843,ISTANBUL & CAPPADOCIA 2023,TRIP
844,ISTANBUL CLASSICS 2024,TRIP
845,ISTANBUL HERITAGE WEEKEND 2025,TRIP
846,ITALY,COUNTRY
847,ITALY CLASSICS 2024,TRIP
848,Ice Cave,ACTIVITY
849,Ice Restaurant,RESTAURANT
850,Iglesia de Santa Lucía,ACTIVITY
851,Igloo,HIGHLIGHT
852,Iguazu,CITY
853,Iguazú Milli Parkı,ACTIVITY
854,Iguazú Şelaleleri,ACTIVITY
855,Iguazú Şelaleleri,HIGHLIGHT
856,Iguazú Şelaleleri Milli Parkı,ACTIVITY
857,Igueldo Tepesi - San Sebastián,ACTIVITY
858,Ihlara Vadisi,ACTIVITY
859,Il Cortile Ristorante Pizzeria,RESTAURANT
860,Il Pio Monte della Misericordia,ACTIVITY
861,Il Salumaio di Montenapoleone,RESTAURANT
862,Indigo 6E7348,TRANSPORT
863,Inle Gölü gezisi,ACTIVITY
864,Inle Lake,CITY
865,Inle Lake,HIGHLIGHT
866,Intercontinental Danang,HOTEL
867,Intercontinental Hotel Wellington,HOTEL
868,Inverness,CITY
869,Inverness Kalesi,ACTIVITY
870,Inverness Müzesi ve Sanat Galerisi,ACTIVITY
871,Ise Shima,CITY
872,Ise Shima bölgesi gezisi,ACTIVITY
873,Ixi’im,RESTAURANT
874,Izakaya Bar & Terrace,RESTAURANT
875,Iziko Güney Afrika Müzesi ve Planetaryum,ACTIVITY
876,Iziko Müzesi ziyareti,ACTIVITY
877,JAPAN,COUNTRY
878,JAPONYA TURU 19 HAZİRAN – 5 TEMMUZ 2025,TRIP
879,JAPONYA TURU 6 – 13 NİSAN 2024 (SAFFET EMRE),TRIP
880,JR,TRANSPORT
881,JW Marriott Gold Coast Resort & Spa,HOTEL
882,JW Marriott Hotel Singapore South Beach,HOTEL
883,Jaipur,CITY
884,Jaipur,HIGHLIGHT
885,Jaipur Amber Kalesi ziyareti,ACTIVITY
886,Jaipur City Palace gezisi,ACTIVITY
887,Jaipur City Palace ziyareti,ACTIVITY
888,Jaipur şehir turu,ACTIVITY
889,Jama Mescidi,ACTIVITY
890,James Turrell enstalasyonu ziyareti,ACTIVITY
891,Jantar Mantar,ACTIVITY
892,Japonya,COUNTRY
893,Japonya,HIGHLIGHT
894,Japonya 12 - 21 Ekim 2024,TRIP
895,Japonya içi transferler,TRANSPORT
896,Jardin Majorelle Bahçeleri gezisi,ACTIVITY
897,Joan Miró Vakfı ziyareti,ACTIVITY
898,Jodhpur,CITY
899,Jodhpur,HIGHLIGHT
900,Jodhpur Mehrangarh Kalesi gezisi,ACTIVITY
901,Jodhpur Mehrangarh Kalesi ziyareti,ACTIVITY
902,Johannesburg,CITY
903,Johannesburg,HIGHLIGHT
904,Johannesburg şehir turu,ACTIVITY
905,Johannesburg – Sabi Sabi özel uçuşu (Federal Havayolları),TRANSPORT
906,Jordi Bernadó Atölye ziyareti,ACTIVITY
907,Jose Fuster’in sanat mahallesi ziyareti,ACTIVITY
908,Jukkasjärvi,CITY
909,Jules Verne - 2 Ladies - Japan - March 2024,TRIP
910,Jökulsárlón Glacier Lagoon,ACTIVITY
911,KINKAKUJI TEMPLE,ACTIVITY
912,KIYOMIZU DERA,ACTIVITY
913,KONYALI RESTAURANT,RESTAURANT
914,KYOTO,CITY
915,KYOTO TEMPLES 2025,TRIP
916,Kaamos Hotel,HOTEL
917,Kahire,CITY
918,Kahire,HIGHLIGHT
919,Kahire Gezisi,TRIP
920,Kahire Havalimanı – otel transferi,TRANSPORT
921,Kahire şehir gezisi,ACTIVITY
922,Kale,HIGHLIGHT
923,Kalemegdan,ACTIVITY
924,Kalemegdan Restaurant,RESTAURANT
925,Kalido,RESTAURANT
926,Kamboçya,COUNTRY
927,Kamboçya,HIGHLIGHT
928,Kampa Park,HIGHLIGHT
929,"Kampa Park Restaurant (Na Kampě 8b, Prag)",RESTAURANT
930,Kapadokya,CITY
931,Kar Ayakkabısı Yürüyüşü,ACTIVITY
932,Kar Bisikleti Turu,ACTIVITY
933,Kar Mobili Safarisi,ACTIVITY
934,Karaköy,ACTIVITY
935,Karen Blixen Müzesi ziyareti,ACTIVITY
936,Karlofca,CITY
937,Karlofca Gezisi,ACTIVITY
938,Karlovy Vary,CITY
939,Karlovy Vary,HIGHLIGHT
940,Karlovy Vary gezisi,ACTIVITY
941,Karlovy Vary ve Cesky Krumlov kara transferleri,TRANSPORT
942,Karnak Tapınağı,ACTIVITY
943,Kashi Vishwanath Tapınağı,ACTIVITY
944,Kasuga Taisha,ACTIVITY
945,Kasımiye Medresesi ziyareti,ACTIVITY
946,Katanya,CITY
947,Katanya – Taormina transferi,TRANSPORT
948,Katedral,HIGHLIGHT
949,Katedraller,HIGHLIGHT
950,Katmandu,CITY
951,Katmandu,HIGHLIGHT
952,Katmandu - Paro Uçuşu,TRANSPORT
953,Kayaking özel turu,ACTIVITY
954,Kaymaklı Yeraltı Şehri,ACTIVITY
955,Kenya,COUNTRY
956,Kenya,HIGHLIGHT
957,Kenya & Rwanda Safari Gezisi,TRIP
958,Kenya Safari Gezisi - Şule Zorlu,TRIP
959,Kenya içi transferler,TRANSPORT
960,Kerid Crater Lake,ACTIVITY
961,Key Museum,ACTIVITY
962,Keşlik Manastırı,ACTIVITY
963,Khan El Khalili Çarşısı,ACTIVITY
964,Khufu Piramidi,ACTIVITY
965,Kicksled Deneyimi,ACTIVITY
966,Kigali,CITY
967,Kigali,HIGHLIGHT
968,Kigali Kara Transferi,TRANSPORT
969,Kigali Şehir Turu,ACTIVITY
970,Kimberley,CITY
971,Kimberley Diamond Mine & Big Hole,ACTIVITY
972,Kinkaku-ji,ACTIVITY
973,Kirstenbosch Ulusal Botanik Bahçesi,ACTIVITY
974,Kirstenbosch Ulusal Botanik Bahçesi gezisi,ACTIVITY
975,Kiyomizu Tapınağı,ACTIVITY
976,Ki’ol,RESTAURANT
977,Kobe,CITY
978,Kolombiya,COUNTRY
979,Kolombiya,HIGHLIGHT
980,Kolombiya - Peru 2024,TRIP
981,Kolombiya ve Peru iç hat uçuşları,TRANSPORT
982,Kolonyal Mimari,HIGHLIGHT
983,Kom Ombo Tapınağı,ACTIVITY
984,Kopenhag,CITY
985,Koral Restaurant,RESTAURANT
986,Kota Restaurant,RESTAURANT
987,Kowloon Turu,ACTIVITY
988,Kruger,CITY
989,"Kruger Mpumalanga – Cape Town uçuşu (SA8664, South African Airways)",TRANSPORT
990,Kukulkan Piramidi,ACTIVITY
991,Kursaal Oditoryumu - San Sebastián,ACTIVITY
992,Kuzey Işıkları,HIGHLIGHT
993,Kuşadası,CITY
994,Kyoto,CITY
995,Kyoto,HIGHLIGHT
996,Kyoto şehir turu,ACTIVITY
997,Köy Gezisi,HIGHLIGHT
998,Köyler arası özel araç transferleri,TRANSPORT
999,Küba,COUNTRY
1000,Küba,HIGHLIGHT
1001,Küba Gezisi 2022,TRIP
1002,Küba içi transferler,TRANSPORT
1003,Küba sokaklarında klasik Amerikan arabalarıyla gezi,ACTIVITY
1004,Kültür,HIGHLIGHT
1005,Kültür Sokağı ve Uçurtma Atölyesi gezisi,ACTIVITY
1006,Kültürel ve alışveriş aktiviteleri,ACTIVITY
1007,Kızaklı Sandalye,ACTIVITY
1008,Kızıl Vadi,ACTIVITY
1009,Kış,SEASON
1010,L'Isle-sur-la-Sorgue,CITY
1011,L'Isle-sur-la-Sorgue Gezisi,ACTIVITY
1012,LAPLAND TURU 19 – 24 OCAK,TRIP
1013,LATAM Airlines LA3290 Rio - Iguazú,TRANSPORT
1014,LE BISTRO,RESTAURANT
1015,LEG1,CITY
1016,LEG2,CITY
1017,LEON DE BRUXELLES,RESTAURANT
1018,LOIRE TURU 20 – 23 NİSAN,TRIP
1019,LONDON,CITY
1020,LONDON ARCHITECTURE TOUR 2024,TRIP
1021,LONDON EYE,ACTIVITY
1022,LONDON HIGHLIGHTS 2024,TRIP
1023,LOUVRE MUSEUM,ACTIVITY
1024,LUMA Müzesi,ACTIVITY
1025,La Boca,ACTIVITY
1026,La Boca Semti,ACTIVITY
1027,La Bretxa Food Market - San Sebastián,ACTIVITY
1028,La Cabrera Restaurant,RESTAURANT
1029,La Canchanchara,RESTAURANT
1030,La Cantine Beach,RESTAURANT
1031,La Caravella,RESTAURANT
1032,La Casa de Salvador Dalí - Port Lligat gezisi,ACTIVITY
1033,La Concha Plajı,ACTIVITY
1034,La Concha Plajı - San Sebastián,ACTIVITY
1035,La Luma Drum Cafe,RESTAURANT
1036,La Motte Şarap Tadımı,ACTIVITY
1037,La Pepita Tapas Bar,RESTAURANT
1038,La Rambla,ACTIVITY
1039,La Sagrada Familia,ACTIVITY
1040,La Taula Gallici's Gourmet Restaurant,RESTAURANT
1041,Lacquer ware atölyesi ziyareti,ACTIVITY
1042,Lam Tsuen Dilek Ağacı - Hong Kong,ACTIVITY
1043,Lamborghini,HIGHLIGHT
1044,Lamborghini Müzesi gezisi,ACTIVITY
1045,Lan Ha Bay,HIGHLIGHT
1046,Lantau Adası Turu,ACTIVITY
1047,Lapland,HIGHLIGHT
1048,Lapland Rovaniemi Gezisi,TRIP
1049,Las Granadas Kapısı,ACTIVITY
1050,Latomie - Siracusa,ACTIVITY
1051,Laxmi Narayan Tapınağı,ACTIVITY
1052,Leblon Plajı,ACTIVITY
1053,Lebua at State Tower Hotel,HOTEL
1054,Lecce,CITY
1055,Lecce,HIGHLIGHT
1056,Lecce Şehir Gezisi,ACTIVITY
1057,Lee Ufan Müzesi,ACTIVITY
1058,Lello Kütüphanesi,ACTIVITY
1059,Les Archives du Coeur,ACTIVITY
1060,Les Baux-de-Provence,CITY
1061,Les Baux-de-Provence Gezisi,ACTIVITY
1062,Les Deux Garçons,RESTAURANT
1063,Les Deux Garçons’da kahve molası,ACTIVITY
1064,Liberdade Meydanı,ACTIVITY
1065,Lima,CITY
1066,Lima,HIGHLIGHT
1067,Lima Havalimanı – otel transferi,TRANSPORT
1068,Lima şehir turu,ACTIVITY
1069,Lima şehir turu (Plaza Mayor ve tarihi merkez),ACTIVITY
1070,Livingstone,CITY
1071,Lizbon,CITY
1072,Lizbon,HIGHLIGHT
1073,Lizbon Seyahat Programı - SAHA,TRIP
1074,Loch Ness,ACTIVITY
1075,Locorotondo,CITY
1076,Locorotondo Şehir Gezisi,ACTIVITY
1077,Lodge Transferleri,TRANSPORT
1078,Lofoten,HIGHLIGHT
1079,Lofoten Fiskerestaurant,RESTAURANT
1080,Lofoten Islands - Version 2.0,TRIP
1081,Loire,CITY
1082,Loire Vadisi Balon Turu,ACTIVITY
1083,Loire Vadisi Şarap Bağları,ACTIVITY
1084,Londra,CITY
1085,Londra,HIGHLIGHT
1086,Londra içi transferler,TRANSPORT
1087,"Londra – New York uçuşu (BA175, British Airways)",TRANSPORT
1088,Los Angeles,CITY
1089,Los Angeles,HIGHLIGHT
1090,Los Angeles Havalimanı – otel transferi,TRANSPORT
1091,"Louvre Museum, Abu Dhabi",ACTIVITY
1092,Luxor,CITY
1093,Luxor East Bank Gezisi,ACTIVITY
1094,Luxor Tapınağı,ACTIVITY
1095,L’Isle-sur-la-Sorgue,CITY
1096,L’Isle-sur-la-Sorgue Gezisi,ACTIVITY
1097,MACBA - Museu d’Art Contemporani de Barcelona ziyareti,ACTIVITY
1098,MALDİVLER TURU 08 – 15 OCAK 2024,TRIP
1099,MAP Barcelona Çağdaş Sanat Gezisi 2023,TRIP
1100,MAP Provence Program 31 Mart - 3 Nisan 2023,TRIP
1101,MAP Venedik Bienali 2022,TRIP
1102,MARAIS HOTEL,HOTEL
1103,MAT Museum - Noto,ACTIVITY
1104,MEIJI SHRINE,ACTIVITY
1105,METRO,TRANSPORT
1106,MEZE HOUSE,RESTAURANT
1107,MIDTOWN HOTEL,HOTEL
1108,MIDTOWN INN,HOTEL
1109,MISIR TURU 20 – 25 NİSAN 2024,TRIP
1110,MONTMARTRE WALK,ACTIVITY
1111,MUSEUMS,HIGHLIGHT
1112,MUSÉE D'ORSAY,ACTIVITY
1113,Macau,CITY
1114,Macau,HIGHLIGHT
1115,Macau - Hong Kong Feribot,TRANSPORT
1116,Macau Casinoları,ACTIVITY
1117,Macau Kulesi,ACTIVITY
1118,Macau Müzesi,ACTIVITY
1119,Macau Şarap Müzesi,ACTIVITY
1120,Machiya deneyimi,ACTIVITY
1121,Machu Picchu,CITY
1122,Machu Picchu,HIGHLIGHT
1123,Machu Picchu gezisi,ACTIVITY
1124,Machu Picchu ziyareti,ACTIVITY
1125,Macquarie Caddesi,ACTIVITY
1126,Macuco Safarisi,ACTIVITY
1127,Madaba,CITY
1128,Madaba,HIGHLIGHT
1129,Magdalena Adası,ACTIVITY
1130,Magdalena Adası,CITY
1131,Maison Albar Hotels Le Monumental Palace,HOTEL
1132,Malaga,CITY
1133,Malaga – Granada transferi,TRANSPORT
1134,Maldivler,CITY
1135,Maldivler,COUNTRY
1136,Malgaca Pazarı,ACTIVITY
1137,Malkorbe Plajı - Getaria,ACTIVITY
1138,Malta,COUNTRY
1139,Malta,HIGHLIGHT
1140,Mandalay,CITY
1141,Mandalay,HIGHLIGHT
1142,Mandalay gezisi,ACTIVITY
1143,Mandarin Oriental,HIGHLIGHT
1144,"Mandarin Oriental, Bangkok",HOTEL
1145,Maniace Kalesi,ACTIVITY
1146,Maná 75,RESTAURANT
1147,Marakeş 21-25 Haziran 2023,TRIP
1148,Marakeş şehir gezisi,ACTIVITY
1149,Marataba,CITY
1150,Marataba Safari Lodge,HOTEL
1151,Mardin,CITY
1152,Mardin,HIGHLIGHT
1153,Mardin 13-15 Ekim 2023,TRIP
1154,Mardin içi transferler,TRANSPORT
1155,Mardin şehir turu,ACTIVITY
1156,Maria Luisa Parkı,ACTIVITY
1157,Marisqueira A Antiga,RESTAURANT
1158,Marrakech,CITY
1159,Marrakech,HIGHLIGHT
1160,Marriott Mena House Hotel,HOTEL
1161,Marsilya,CITY
1162,Marsilya,HIGHLIGHT
1163,Marsilya Havalimanı – Provence transferi,TRANSPORT
1164,Masa Dağı,ACTIVITY
1165,Masa Dağı,HIGHLIGHT
1166,Masa Dağı (Table Mountain),ACTIVITY
1167,Masai Mara,CITY
1168,Masai Mara,HIGHLIGHT
1169,Masai Mara Safari,ACTIVITY
1170,Masai Mara’da safari ve game drive aktiviteleri,ACTIVITY
1171,Matera,CITY
1172,Matera,HIGHLIGHT
1173,Matera Gezisi,ACTIVITY
1174,Matera Kaya Evleri,ACTIVITY
1175,Matera Kiliseleri ve Mağaraları,ACTIVITY
1176,Matjiesfontein Köyü,ACTIVITY
1177,May de Cuisine,HIGHLIGHT
1178,May de Cuisine Restaurant (Hanoi),RESTAURANT
1179,Maya,HIGHLIGHT
1180,Mdina,CITY
1181,Mdina şehir turu,ACTIVITY
1182,Meiji Shrine,ACTIVITY
1183,Meiji Tapınağı,ACTIVITY
1184,Mekong Deltası,CITY
1185,Mekong Deltası,HIGHLIGHT
1186,Mekong Deltası bot turu,TRANSPORT
1187,"Mekong Deltası bot turu, tropik meyve bahçeleri, noodle yapımı",ACTIVITY
1188,"Mekong Deltası gezisi: bot turları, noodle yapımı, meyve bahçeleri, yerel aile ziyareti",ACTIVITY
1189,Mekong Deltası – nehir kenarında restoran,RESTAURANT
1190,Mekong Deltası’nda bot ve rikşov gezileri,TRANSPORT
1191,Mekong Nehri Tekne Gezisi,ACTIVITY
1192,Meksika,COUNTRY
1193,Meksika,HIGHLIGHT
1194,Meksika 06-16 Aralık 2023,TRIP
1195,Meksika Gezisi,TRIP
1196,Meksika içi transferler,TRANSPORT
1197,Melbourne,CITY
1198,Melbourne,HIGHLIGHT
1199,Melbourne - Hobart İç Hat Uçuşu,TRANSPORT
1200,Melbourne Müzesi,ACTIVITY
1201,Mendi Family - Kenya 25-29 Aralık,TRIP
1202,Merendero de la Mar,RESTAURANT
1203,Merkez Postane,ACTIVITY
1204,Metropol Palace Hotel,HOTEL
1205,Mevzun Vietnam Kamboçya 2016,TRIP
1206,Mevzun Çifçi Hindistan 2024,TRIP
1207,Mewar Terrace,RESTAURANT
1208,Mexico City,CITY
1209,Mexico City,HIGHLIGHT
1210,Mexico City şehir turu,ACTIVITY
1211,Mezquita,HIGHLIGHT
1212,Mezquita Camii - Córdoba,ACTIVITY
1213,Midnight Sun Safari,ACTIVITY
1214,Midyat,CITY
1215,Midyat,HIGHLIGHT
1216,Midyat Devlet Konukevi ve Gümüşçüler Çarşısı ziyareti,ACTIVITY
1217,Midyat şehir turu,ACTIVITY
1218,Milano,CITY
1219,Mine Bahadır Japonya - Tayland Programı,TRIP
1220,Mirabeau Caddesi’nde gezinti,ACTIVITY
1221,Mirabel Sarayı ve Bahçesi,ACTIVITY
1222,Miramar Sarayı - San Sebastián,ACTIVITY
1223,Mitsui Garden Hotel,HOTEL
1224,Mitsui Garden Hotel Premier Jingu-Gaien,HOTEL
1225,Miyashita Park,ACTIVITY
1226,Modern Mimari,HIGHLIGHT
1227,Modica,CITY
1228,Modica ve Ragusa turları,ACTIVITY
1229,Monkey Park Iwatayama,ACTIVITY
1230,Monopoli,CITY
1231,Monopoli Gezisi,ACTIVITY
1232,Monopoli Tarihi Merkezi,ACTIVITY
1233,Montalcino,CITY
1234,Montalcino,HIGHLIGHT
1235,Montalcino’da şarap tadımı,ACTIVITY
1236,Monte Hisarı,ACTIVITY
1237,Monte Igueldo - San Sebastián,ACTIVITY
1238,Monte Urgull - San Sebastián,ACTIVITY
1239,MonteRosa Restaurant,RESTAURANT
1240,Montepulciano,CITY
1241,Montepulciano,HIGHLIGHT
1242,Montepulciano şarap bağları turu,ACTIVITY
1243,Montepulciano şarap bağları ve kasaba gezisi,ACTIVITY
1244,Mor Gabriel Manastırı ziyareti,ACTIVITY
1245,Mori Art Museum,ACTIVITY
1246,Mori Sanat Müzesi ve Sky Deck ziyareti,ACTIVITY
1247,Mount Nebo,CITY
1248,Mount Nebo,HIGHLIGHT
1249,Mount Nebo ve Madaba ziyareti,ACTIVITY
1250,Mount Wellington,ACTIVITY
1251,Movenpick Sunray Nile Cruise,HOTEL
1252,Mozart’ın Evi,ACTIVITY
1253,Mrs Macquarie’s Chair,ACTIVITY
1254,Mucem Müzesi ziyareti,ACTIVITY
1255,Mukuni Village Gezisi,ACTIVITY
1256,Mumbai,CITY
1257,Mumbai,HIGHLIGHT
1258,Mumbai şehir turu,ACTIVITY
1259,Munch Müzesi,ACTIVITY
1260,Murat Bilgin 28 Eylül - 9 Ekim 2023 Güney Afrika,TRIP
1261,Museu da Chácara do Céu,ACTIVITY
1262,Museum of Contemporary Art,ACTIVITY
1263,Museum of Yugoslav History,ACTIVITY
1264,Museum of the Future,ACTIVITY
1265,Musevi Mahallesi - Córdoba,ACTIVITY
1266,Muson Sarayı,ACTIVITY
1267,Musée Asiatica - Biarritz,ACTIVITY
1268,Musée des Beaux-Arts - Beaune,ACTIVITY
1269,Musée des Beaux-Arts - Dijon,ACTIVITY
1270,Musée du Vin de Bourgogne,ACTIVITY
1271,Musée d’Art et d’Archéologie - Cluny,ACTIVITY
1272,Myanmar,COUNTRY
1273,Myanmar,HIGHLIGHT
1274,Myanmar 2017 Mevzun Çiftçi,TRIP
1275,Myanmar içi transferler,TRANSPORT
1276,Mérida,CITY
1277,Mérida,HIGHLIGHT
1278,Mérida şehir turu,ACTIVITY
1279,Müze,HIGHLIGHT
1280,Müzeler,HIGHLIGHT
1281,Mısır,COUNTRY
1282,Mısır,HIGHLIGHT
1283,Mısır Gezisi - Hakan Ateş,TRIP
1284,Mısır Müzesi,ACTIVITY
1285,Mısır Müzesi - Eski Müze,ACTIVITY
1286,NATURE,HIGHLIGHT
1287,NEW YORK,CITY
1288,NEW YORK CITY 2024,TRIP
1289,NEW YORK CLASSICS 2024,TRIP
1290,NORTH MACEDONIA,COUNTRY
1291,Naiku ve Geku Shinto tapınakları ziyareti,ACTIVITY
1292,Nairobi,CITY
1293,Nairobi,HIGHLIGHT
1294,Nairobi Havalimanı – Giraffe Manor transferi,TRANSPORT
1295,Nairobi – Masai Mara lodge transferleri,TRANSPORT
1296,Nakamise Alışveriş Caddesi,ACTIVITY
1297,Naoshima,CITY
1298,Naoshima,HIGHLIGHT
1299,Naoshima & Teshima sanat adaları gezisi,ACTIVITY
1300,Napoli,CITY
1301,Napoli,HIGHLIGHT
1302,Napoli Tarihi Merkezi,ACTIVITY
1303,Napoli Şehri Gezisi,ACTIVITY
1304,Nara,CITY
1305,Nara Park,ACTIVITY
1306,Nasrid Sarayı,ACTIVITY
1307,National Art Centre,ACTIVITY
1308,Necati Cumali Anı Evi,ACTIVITY
1309,Neelkamal Restaurant,RESTAURANT
1310,Nehir Kenarı Restoran - Adelaide,RESTAURANT
1311,Nelson Mandela Meydanı gezisi,ACTIVITY
1312,Nepal,COUNTRY
1313,Nepal,HIGHLIGHT
1314,Nesin Matematik Köyü,ACTIVITY
1315,Nevis Bank Inn,HOTEL
1316,Nevis Bank Inn and Browns Restaurant,RESTAURANT
1317,New Year's Eve Celebration - The Restaurant at Address Dubai Mall,ACTIVITY
1318,New York,CITY
1319,New York,HIGHLIGHT
1320,New York havalimanı – otel transferi,TRANSPORT
1321,New York şehir turu (müze ve meydanlar),ACTIVITY
1322,Newport Beach,CITY
1323,Ngoc Son Pagoda ziyareti,ACTIVITY
1324,Nha Trang,CITY
1325,Nha Trang,HIGHLIGHT
1326,Nha Trang sahil tatili ve dinlenme,ACTIVITY
1327,Nha Trang – Saigon uçuşu,TRANSPORT
1328,Nikola Tesla Müzesi,ACTIVITY
1329,Nil Nehri,HIGHLIGHT
1330,Nil Nehri Felucca Tekne Gezisi,ACTIVITY
1331,Nil Nehri Sıcak Hava Balonu,ACTIVITY
1332,Nimb Hotel,HOTEL
1333,Nishiki Pazarı ziyareti,ACTIVITY
1334,Nobu,HIGHLIGHT
1335,Nobu - One&Only Cape Town,RESTAURANT
1336,Nobu Los Angeles,RESTAURANT
1337,Nobu Restaurant - Atlantis the Palm,RESTAURANT
1338,Noel Pazarları,ACTIVITY
1339,Norveç,COUNTRY
1340,Norveç,HIGHLIGHT
1341,Norveç içi transferler,TRANSPORT
1342,Noto,CITY
1343,Noto,HIGHLIGHT
1344,Notre-Dame Kilisesi - Beaune,ACTIVITY
1345,Notre-Dame Kilisesi - Dijon,ACTIVITY
1346,Novi Sad,CITY
1347,Novi Sad Gezisi,ACTIVITY
1348,Nuits-Saint-Georges,CITY
1349,Nuits-Saint-Georges,HIGHLIGHT
1350,OLD TOWN WALK,ACTIVITY
1351,Odeon,ACTIVITY
1352,Okayama,CITY
1353,Old Town,ACTIVITY
1354,Omotesando,ACTIVITY
1355,One&Only Cape Town,HOTEL
1356,Opera Binası,HIGHLIGHT
1357,Opera House,HIGHLIGHT
1358,Ortigia,CITY
1359,Ortigia,HIGHLIGHT
1360,Ortigia Adası,ACTIVITY
1361,Ortigia Meydanı,ACTIVITY
1362,Ortigia Roma Amfi Tiyatrosu,ACTIVITY
1363,Orvieto,CITY
1364,Orvieto Katedrali,ACTIVITY
1365,Orvieto Yer Altı Tünelleri,ACTIVITY
1366,Osaka,CITY
1367,Osaka,HIGHLIGHT
1368,Osaka Kalesi ziyareti,ACTIVITY
1369,Oslo,CITY
1370,Oslo Opera Binası,ACTIVITY
1371,Osteria Enoteca San Marco,RESTAURANT
1372,Osteria Rosso Divino,RESTAURANT
1373,Osteria Rosso Divino (Taormina),RESTAURANT
1374,Osteria delle Tre Panche,RESTAURANT
1375,Ota Memorial Museum of Art,ACTIVITY
1376,"Otel (Ho Chi Minh, ismi belirtilmemiş)",HOTEL
1377,"Otel (Siem Reap, ismi belirtilmemiş)",HOTEL
1378,Owakudani Vadisi,ACTIVITY
1379,Oxford Caddesi,ACTIVITY
1380,PALATINE HILL,ACTIVITY
1381,PARIS,CITY
1382,PARIS CITY BREAK 2024,TRIP
1383,PARIS MUSEUM TOUR 2024,TRIP
1384,PARK GUELL,ACTIVITY
1385,PLANE,TRANSPORT
1386,PROVENCE TURU 4 – 7 MAYIS,TRIP
1387,PUGLIA TURU 07 – 11 EKİM,TRIP
1388,Paddington,ACTIVITY
1389,Pagoda,HIGHLIGHT
1390,Pak Khlong Talat Çiçek Pazarı - Bangkok,ACTIVITY
1391,Palacio de Bellas Artes,ACTIVITY
1392,Palais des Papes ziyareti,ACTIVITY
1393,Palais des ducs de Bourgogne - Dijon,ACTIVITY
1394,Palazzo Ducezio - Noto,ACTIVITY
1395,Palazzo Manfrin,ACTIVITY
1396,Palazzo Nicolaci - Noto,ACTIVITY
1397,Palazzo Reale,ACTIVITY
1398,Palazzo Vecchio,ACTIVITY
1399,Palazzo dei Celestini,ACTIVITY
1400,Palazzo dei Celestini - Lecce,ACTIVITY
1401,Palazzo della Cancelleria,ACTIVITY
1402,Palermo,ACTIVITY
1403,Palermo,CITY
1404,Palermo,HIGHLIGHT
1405,Palermo Soho,ACTIVITY
1406,Palácio da Bolsa,ACTIVITY
1407,Pandeli Restaurant,RESTAURANT
1408,Paradise Luxury Halong,HOTEL
1409,Park Güell,ACTIVITY
1410,Park Güell,HIGHLIGHT
1411,Park Hyatt - Palacio Duhau Hotel,HOTEL
1412,Park Hyatt Saigon,HOTEL
1413,Park Hyatt Sydney,HOTEL
1414,Parlamento ve Hazine Binası - Melbourne,ACTIVITY
1415,Parmesan peyniri tadımı,ACTIVITY
1416,Paro,CITY
1417,Paro,HIGHLIGHT
1418,Parque de Santa Lucía,ACTIVITY
1419,Partal,ACTIVITY
1420,Parte Vieja - San Sebastián,ACTIVITY
1421,Pashupatinath Tapınağı - Katmandu,ACTIVITY
1422,Peggy Guggenheim Müzesi,ACTIVITY
1423,Pelican Hill,HIGHLIGHT
1424,Penguenler,HIGHLIGHT
1425,Peninsula Valdes - Puerto Madryn,ACTIVITY
1426,Pepe Plajı,ACTIVITY
1427,Peppers Blue Water Resort Lake Tekapo,HOTEL
1428,"Personal Structures, Palazzo Bembo sergisi",ACTIVITY
1429,Peru,COUNTRY
1430,Peru,HIGHLIGHT
1431,Peru Gezisi - Seda Soğancıoğlu,TRIP
1432,Peru içi kara ve tren transferleri,TRANSPORT
1433,Petra,CITY
1434,Petra,HIGHLIGHT
1435,Petra Antik Kenti gezisi,ACTIVITY
1436,Phaung Daw Oo Pagoda ziyareti,ACTIVITY
1437,Philae Tapınağı,ACTIVITY
1438,Phnom Penh,CITY
1439,Phnom Penh,HIGHLIGHT
1440,"Phnom Penh şehir turu: Artisan D’Angkor el işi okulu, Phsar Chas çarşısı",ACTIVITY
1441,"Phnom Penh şehir turu: Kraliyet Sarayı, Gümüş Pagoda, Ulusal Müze",ACTIVITY
1442,Phnom Penh – Siem Reap uçuşu,TRANSPORT
1443,Phuket,CITY
1444,Phuket,HIGHLIGHT
1445,Phuket Tarihi Kent Gezisi,ACTIVITY
1446,Phuket ada ve sahil aktiviteleri,ACTIVITY
1447,Phuket sahil tatili,ACTIVITY
1448,Phuket – Bangkok uçuşu,TRANSPORT
1449,Phuket’te Big Buddha ziyareti,ACTIVITY
1450,Piazza Duomo,ACTIVITY
1451,Piazza IX Aprile,ACTIVITY
1452,Piazza Tasso,ACTIVITY
1453,Piazza dei Dogi,ACTIVITY
1454,Piazza del Municipio - Forza d’Agrò,ACTIVITY
1455,Piazza della Signoria,ACTIVITY
1456,Piazza dello Spirito Santo,ACTIVITY
1457,Picasso Müzesi ziyareti,ACTIVITY
1458,Picasso Pavilion,ACTIVITY
1459,Picasso Pavilion sergisi,ACTIVITY
1460,Pichola Gölü,ACTIVITY
1461,Pienza,CITY
1462,Pienza,HIGHLIGHT
1463,Pienza kasabası ziyareti,ACTIVITY
1464,Piramitler,HIGHLIGHT
1465,Pitlochry,CITY
1466,Pizzeria Casa Pinto,RESTAURANT
1467,Place Louis XIV - Saint-Jean-de-Luz,ACTIVITY
1468,Plaj,HIGHLIGHT
1469,Planetarium,ACTIVITY
1470,Plaza Catalunya,ACTIVITY
1471,Plaza Corredera - Córdoba,ACTIVITY
1472,Plaza Dorrego,ACTIVITY
1473,Plaza España,ACTIVITY
1474,Plaza Grande,ACTIVITY
1475,Plaza Manuel Tolsá,ACTIVITY
1476,Plaza de Armas,ACTIVITY
1477,Plaza de Mayo,ACTIVITY
1478,Plaza de Mayo - Buenos Aires,ACTIVITY
1479,Plaza de Toros - Ronda,ACTIVITY
1480,Poble Espanyol gezisi,ACTIVITY
1481,Polanco,ACTIVITY
1482,Polignano a Mare,ACTIVITY
1483,Polignano a Mare,CITY
1484,Polignano a Mare Gezisi,ACTIVITY
1485,Pompei,CITY
1486,Pompei,HIGHLIGHT
1487,Pompei Antik Kenti,ACTIVITY
1488,Pompei Şehri Ziyareti,ACTIVITY
1489,Porta Catania,ACTIVITY
1490,Porta Messina,ACTIVITY
1491,Portekiz,COUNTRY
1492,Portekiz,HIGHLIGHT
1493,Porto,CITY
1494,Porto,HIGHLIGHT
1495,Porto Gezisi,TRIP
1496,Porto Katedrali,ACTIVITY
1497,Potong Restaurant,RESTAURANT
1498,Prado Caddesi ziyareti,ACTIVITY
1499,Prag,CITY
1500,Prag,HIGHLIGHT
1501,"Prag şehir turu: Prag Kalesi, St. Vitus Bazilikası, Altın Yol",ACTIVITY
1502,Prag – şehir içi transferler,TRANSPORT
1503,"Prag, Karlovy Vary & Cesky Krumlov Gezisi - Beril Miskavi",TRIP
1504,Provence,CITY
1505,Provence,HIGHLIGHT
1506,Provence Gezisi - Olgun Zorlu,TRIP
1507,Provence içi transferler,TRANSPORT
1508,Provence manzaraları ve şato ziyareti,ACTIVITY
1509,Puente Nuevo - Ronda,ACTIVITY
1510,Puerto Madryn,CITY
1511,Puerto Madryn,HIGHLIGHT
1512,Puglia,HIGHLIGHT
1513,Puglia Gezisi,TRIP
1514,Pullman Rotorua,HOTEL
1515,Punakha,CITY
1516,Punakha,HIGHLIGHT
1517,Punakha Dzong,HIGHLIGHT
1518,Punakha Dzong - Punakha,ACTIVITY
1519,Quai de l’Infante - Saint-Jean-de-Luz,ACTIVITY
1520,Queenstown,CITY
1521,Queenstown Panoramik Gezisi,ACTIVITY
1522,RIVERBANK HOTEL,HOTEL
1523,ROMA SUITES,HOTEL
1524,ROMAN FORUM,ACTIVITY
1525,ROME,CITY
1526,ROME ANCIENT 2024,TRIP
1527,ROME ANTIQUITY 2024,TRIP
1528,Radisson Blu Hotel Altstadt,HOTEL
1529,Raffles,HIGHLIGHT
1530,Raffles Hotel Le Royal,HOTEL
1531,Ragusa,CITY
1532,Ragusa,HIGHLIGHT
1533,Ragusa Ibla,ACTIVITY
1534,Rakas Restaurant & Bar,RESTAURANT
1535,Rambagh Palace,HOTEL
1536,Ranakpur Jain Tapınakları ziyareti,ACTIVITY
1537,Rancho San Vicente,RESTAURANT
1538,Rancho San Vicente restoranda öğle yemeği,ACTIVITY
1539,Ranthambore,CITY
1540,Ranthambore,HIGHLIGHT
1541,Ranthambore Milli Parkı’nda jeep safari,ACTIVITY
1542,Ranthambore jeep safarileri,TRANSPORT
1543,Ras Al Khaimah,CITY
1544,Ras Al Khaimah,HIGHLIGHT
1545,Ras Al Khaimah – Dubai transferi,TRANSPORT
1546,Ravello,CITY
1547,Ravello - Villa Cimbrone Bahçesi,ACTIVITY
1548,Ravello - Villa Rufolo,ACTIVITY
1549,Realejo Mahallesi,ACTIVITY
1550,Recoleta Mezarlığı,ACTIVITY
1551,Recoleta Semti,ACTIVITY
1552,Regina Lucia Ristorante (Siracusa),RESTAURANT
1553,Rehberli hiking ve çevre gezisi,ACTIVITY
1554,Reindeer Safari,ACTIVITY
1555,Reine,CITY
1556,Reine,HIGHLIGHT
1557,Residenzplatz & DomQuartier,ACTIVITY
1558,Restaurant Arven,RESTAURANT
1559,Restaurant Blaue Gans Salzburg Gasthaus,RESTAURANT
1560,Restaurant L'Oriel,RESTAURANT
1561,Restaurant Normal,RESTAURANT
1562,Restaurant Nyvågar,RESTAURANT
1563,Restaurant POTONG,RESTAURANT
1564,Restaurant Terrazza Danieli,RESTAURANT
1565,Restaurante Amour Blanc,RESTAURANT
1566,Restaurante Ilura,RESTAURANT
1567,Ribeira Bölgesi,ACTIVITY
1568,Rio Restaurant Önerileri,RESTAURANT
1569,Rio de Janeiro,CITY
1570,Rio de Janeiro,HIGHLIGHT
1571,Ristorante Acqua Pazza,RESTAURANT
1572,Ristorante Blunotte,RESTAURANT
1573,Ristorante Da Ivo,RESTAURANT
1574,Ristorante La Cantina,RESTAURANT
1575,Ristorante Storico Sabatini,RESTAURANT
1576,Riverside Pool Villa,HOTEL
1577,Riviera - Four Seasons Hotel Cairo at Nile Plaza,RESTAURANT
1578,Rocpool Restaurant,RESTAURANT
1579,Rojo Tango Gösterisi,ACTIVITY
1580,Roma,CITY
1581,Roma Amfi Tiyatrosu - Lecce,ACTIVITY
1582,Roma Amfi Tiyatrosu - Siracusa,ACTIVITY
1583,Ronda,CITY
1584,Ronda,HIGHLIGHT
1585,Ronda Tarihi Sokakları,ACTIVITY
1586,Ronda gezisi,ACTIVITY
1587,Rosewood Castiglion del Bosco,HIGHLIGHT
1588,Rosewood Castiglion del Bosco,HOTEL
1589,Rotorua,CITY
1590,Roussillon,CITY
1591,Roussillon,HIGHLIGHT
1592,Roussillon Gezisi,ACTIVITY
1593,Roussillon ve Gordes gezisi,ACTIVITY
1594,Rovaniemi,CITY
1595,Rovaniemi,HIGHLIGHT
1596,Royal Barge Ulusal Müzesi - Bangkok,ACTIVITY
1597,Royal Compound,ACTIVITY
1598,Royal Exhibition Binası - Melbourne,ACTIVITY
1599,Royal Livingstone Victoria Falls Zambia Hotel by Anantara,HOTEL
1600,Ruanda,COUNTRY
1601,Ruanda,HIGHLIGHT
1602,Rue Gambetta - Saint-Jean-de-Luz,ACTIVITY
1603,Rue Mazarin - Saint-Jean-de-Luz,ACTIVITY
1604,Rue de la Liberté - Dijon,ACTIVITY
1605,SAGRADA FAMILIA,ACTIVITY
1606,SAHA,HIGHLIGHT
1607,SALZBURG TURU 20 – 25 ARALIK,TRIP
1608,SENSOJI TEMPLE,ACTIVITY
1609,SHAKE SHACK,RESTAURANT
1610,SHIBUYA CROSSING,ACTIVITY
1611,SHIBUYA HOTEL,HOTEL
1612,SHUTTLE,TRANSPORT
1613,SOFIA OLD TOWN,ACTIVITY
1614,SOUTHBANK HOTEL,HOTEL
1615,SPAIN,COUNTRY
1616,ST. MARK'S SQUARE,ACTIVITY
1617,STATUE OF LIBERTY,ACTIVITY
1618,SUBWAY,TRANSPORT
1619,SULTANAHMET INN,HOTEL
1620,SUMMER EUROPE 2024,TRIP
1621,SUMMER EUROPE 2025,TRIP
1622,SUMMER GREECE 2025,TRIP
1623,SUNRISE VIEWPOINT,ACTIVITY
1624,SUSHI BAR,RESTAURANT
1625,Sabah Safari,ACTIVITY
1626,Sabah ve Akşam Safarileri,ACTIVITY
1627,Sabah ve akşam safarileri,ACTIVITY
1628,Sabah ve akşam safarileri (Sabi Sand Game Reserve),ACTIVITY
1629,Sabi Sabi,CITY
1630,Sabi Sabi,HIGHLIGHT
1631,Sabi Sabi Game Reserve Lodge,HOTEL
1632,Sabi Sabi Little Bush Camp,HOTEL
1633,Sabi Sabi’de sabah ve akşam safari turları,ACTIVITY
1634,Sabi Sand,CITY
1635,Sacred Valley,CITY
1636,Sacred Valley,HIGHLIGHT
1637,Sacred Valley gezisi,ACTIVITY
1638,Safari,HIGHLIGHT
1639,Sagrada Familia,ACTIVITY
1640,Sagrada Familia,HIGHLIGHT
1641,Saigon,CITY
1642,Saigon,HIGHLIGHT
1643,Saigon aktarmalı Bangkok dönüş uçuşu,TRANSPORT
1644,Saigon şehir turu,ACTIVITY
1645,Saigon – Bangkok uçuşu,TRANSPORT
1646,Saint Jean De Luz,CITY
1647,Saint Jean De Luz Gezisi,ACTIVITY
1648,Saint Nicholas Bazilikası,ACTIVITY
1649,Saint-Baudèle Kilisesi,ACTIVITY
1650,Saint-Bénigne Katedrali - Dijon,ACTIVITY
1651,Saint-Flocel Kilisesi,ACTIVITY
1652,Saint-Jean-de-Luz,CITY
1653,Saint-Jean-de-Luz,HIGHLIGHT
1654,Saint-Jean-de-Luz Plajları,ACTIVITY
1655,Saint-Martin de l’Aigue Kilisesi,ACTIVITY
1656,Saint-Michel Kilisesi - Dijon,ACTIVITY
1657,Saint-Paul de Mausole ziyareti,ACTIVITY
1658,Saint-Philibert Kilisesi - Dijon,ACTIVITY
1659,Saint-Remy-de-Provence,CITY
1660,Saint-Rémy-de-Provence,CITY
1661,Saint-Rémy-de-Provence Gezisi,ACTIVITY
1662,Sainte-Madeleine Kilisesi,ACTIVITY
1663,Sakıp Sabancı Müzesi ziyareti,ACTIVITY
1664,Sala Rattanakosin Restaurant,RESTAURANT
1665,Sala’s Camp,HOTEL
1666,Sala’s Camp konaklamasında vahşi yaşam deneyimleri,ACTIVITY
1667,Salzberg Dağı & Tuz Madeni Ziyareti,ACTIVITY
1668,Salzbergwerk Berchtesgaden,ACTIVITY
1669,Salzburg,CITY
1670,Salzburg Kalesi,ACTIVITY
1671,San Casciano Val di Pesa,CITY
1672,San Casciano Val di Pesa,HIGHLIGHT
1673,San Casciano Val di Pesa kasabası ziyareti,ACTIVITY
1674,San Gimignano,CITY
1675,San Gimignano,HIGHLIGHT
1676,San Gimignano UNESCO Dünya Mirası,ACTIVITY
1677,San Gimignano gezisi,ACTIVITY
1678,San Gimignano kasabası gezisi,ACTIVITY
1679,San Giuseppe Kilisesi,ACTIVITY
1680,San Giuseppe Kilisesi - Lecce,ACTIVITY
1681,San Ildefonso Katedrali,ACTIVITY
1682,San Ildefonso Katedrali ziyareti,ACTIVITY
1683,San Sabino Katedrali,ACTIVITY
1684,San Sebastian,CITY
1685,San Sebastian Şehir Gezisi,ACTIVITY
1686,San Sebastián,CITY
1687,San Sebastián,HIGHLIGHT
1688,San Sebastián ve Bask Bölgesi Gezisi (Can Özdemir),TRIP
1689,San Sebastián Şehir Gezisi,ACTIVITY
1690,San Telmo,ACTIVITY
1691,San Telmo Müzesi - San Sebastián,ACTIVITY
1692,San Telmo Semti,ACTIVITY
1693,Sanat,HIGHLIGHT
1694,Sanat Galerileri - Saint-Jean-de-Luz,ACTIVITY
1695,Sanat Galerisi - Melbourne,ACTIVITY
1696,Sanat Programı,HIGHLIGHT
1697,Sanat atölyeleri ve butik mağazalar,ACTIVITY
1698,Sanctuary Olonana,HOTEL
1699,Sanctuary Olonana’da doğa aktiviteleri ve safari,ACTIVITY
1700,Sant'Oronzo Meydanı,ACTIVITY
1701,Santa Catarina Caddesi,ACTIVITY
1702,Santa Clara,CITY
1703,Santa Clara,HIGHLIGHT
1704,Santa Clara gezisi ve Che Guevara Anıt Mezarı ziyareti,ACTIVITY
1705,Santa Claus Village,HIGHLIGHT
1706,Santa Claus Village Gezisi,ACTIVITY
1707,Santa Croce Bazilikası,ACTIVITY
1708,Santa Croce Bazilikası - Lecce,ACTIVITY
1709,Santa Maria del Fiore Katedrali,ACTIVITY
1710,Santa Maria dello Spasimo Kilisesi,ACTIVITY
1711,Santa Teresa Semti - Rio,ACTIVITY
1712,Santa’s Igloos Arctic Circle,HOTEL
1713,Santiago,CITY
1714,Santiago Katedrali,ACTIVITY
1715,Sant’Oronzo Meydanı - Lecce,ACTIVITY
1716,Sao Conrado Plajı,ACTIVITY
1717,Saray,HIGHLIGHT
1718,Sarnath,ACTIVITY
1719,Satyricon Restaurant,RESTAURANT
1720,Savoca,CITY
1721,Savoca köyü gezisi,ACTIVITY
1722,Sea Eagle RIB Boat Safari,ACTIVITY
1723,Seal Bay Conservation Park,ACTIVITY
1724,Seasgair Hotel,HOTEL
1725,Sedile Dominova,ACTIVITY
1726,Selime Köyü,ACTIVITY
1727,Senado Meydanı,ACTIVITY
1728,Senglea,CITY
1729,"Senglea, Vittoriosa ve Cospicua üçlü gezisi",ACTIVITY
1730,Senso-ji Tapınağı,ACTIVITY
1731,Senso-ji Tapınağı ve Nakamise alışveriş caddesi ziyareti,ACTIVITY
1732,Serengeti,CITY
1733,Serengeti Ulusal Parkı Safari,ACTIVITY
1734,Serralves Müzesi,ACTIVITY
1735,Sevilla,CITY
1736,Sevilla,HIGHLIGHT
1737,Sevilla Katedrali,ACTIVITY
1738,Sevilla şehir turu,ACTIVITY
1739,Sfenks,ACTIVITY
1740,Sfenks,HIGHLIGHT
1741,Sfenks ziyareti,ACTIVITY
1742,Shibuya Sky,ACTIVITY
1743,Shinjuku Gyoen Park,ACTIVITY
1744,Shwedagon Pagoda ziyareti,ACTIVITY
1745,Sicilya,HIGHLIGHT
1746,Sicilya & Malta Gezisi,TRIP
1747,Sicilya Gezisi,TRIP
1748,Siem Reap,CITY
1749,Siem Reap,HIGHLIGHT
1750,"Siem Reap (Angkor) gezisi: Angkor Thom, Bayon Tapınağı, Baphuon, Kraliyet Sarayı, Fil Terası",ACTIVITY
1751,Siem Reap Angkor Wat ziyareti,ACTIVITY
1752,"Siem Reap – Bangkok uçuşu (PG914, Bangkok Airways)",TRANSPORT
1753,"Siem Reap’te Angkor Wat, Angkor Thom, Bayon ve Ta Prohm gezileri",ACTIVITY
1754,Siena,CITY
1755,Siena,HIGHLIGHT
1756,Siena Şehir Merkezi,ACTIVITY
1757,Siena şehir turu,ACTIVITY
1758,Singapore,CITY
1759,Singapur,COUNTRY
1760,Singita Lodge,HOTEL
1761,Singita Sasakawa Lodge,HOTEL
1762,Siracusa,CITY
1763,Siracusa,HIGHLIGHT
1764,Siracusa Arkeoloji Parkı,ACTIVITY
1765,Siracusa ve Noto ziyaretleri,ACTIVITY
1766,Six Bridges Tekne Turu,ACTIVITY
1767,Skaftafell National Park,ACTIVITY
1768,Snowmobile Safari,ACTIVITY
1769,Sofitel Legend Metropole (Hanoi),HOTEL
1770,Sofitel Legend Metropole Hanoi,HOTEL
1771,Sokullu Mehmet Paşa Çeşmesi,ACTIVITY
1772,Solferino Restaurant,RESTAURANT
1773,Sonbahar,SEASON
1774,Sorakuen Bahçesi ve Kobe eski yerleşim yeri gezisi,ACTIVITY
1775,Sorrento,CITY
1776,Sorrento Gezisi,ACTIVITY
1777,Sorrento Peninsula Arkeoloji Müzesi,ACTIVITY
1778,Soweto,CITY
1779,Soweto gezisi ve Nelson Mandela’nın Evi ziyareti,ACTIVITY
1780,Soğanlı Vadisi,ACTIVITY
1781,Spice Route,RESTAURANT
1782,Square Nine Hotel,HOTEL
1783,St Wolfgang,CITY
1784,St. Andrews Katedrali,ACTIVITY
1785,St. Mary Katedrali,ACTIVITY
1786,Stambol Kapısı,ACTIVITY
1787,Stellenbosch,CITY
1788,Stellenbosch,HIGHLIGHT
1789,Stellenbosch Vadisi Şarap Bağları,ACTIVITY
1790,Stellenbosch Şarap Evleri,ACTIVITY
1791,Stellenbosch şarap bağları gezisi,ACTIVITY
1792,Stellenbosch şarap bağları turu,ACTIVITY
1793,Strada delle Orecchiette,ACTIVITY
1794,Strathisla Distillery,ACTIVITY
1795,Sugar Loaf Dağı,ACTIVITY
1796,Sullivan’s Cove,ACTIVITY
1797,Sultan Hassan Camii,ACTIVITY
1798,Sun Yat Sen’in Müze Evi,ACTIVITY
1799,Sunset Electric Dragon Boat Experience - Jubail Mangrove Park,ACTIVITY
1800,Sunset Safari Cruise,ACTIVITY
1801,Surfers Paradise,CITY
1802,Surfers Paradise - Gold Coast,ACTIVITY
1803,Svartifoss Şelalesi,ACTIVITY
1804,Svolvær,CITY
1805,Svolvær,HIGHLIGHT
1806,Svolvær gezisi,ACTIVITY
1807,Sydney,CITY
1808,Sydney,HIGHLIGHT
1809,Sydney Harbour Bridge,ACTIVITY
1810,Sydney Harbour Marriott Hotel at Circular Quay,HOTEL
1811,Sydney Harbour Tekne Turu & Havai Fişek Gösterisi,ACTIVITY
1812,Sydney Köprüsü,ACTIVITY
1813,Sydney Opera Binası,ACTIVITY
1814,Sydney Opera Binası & Harbour Bridge,ACTIVITY
1815,Sydney Opera House,ACTIVITY
1816,Syracuse,CITY
1817,Syracuse Katedrali,ACTIVITY
1818,São Bento Tren İstasyonu,ACTIVITY
1819,São Francisco Kilisesi,ACTIVITY
1820,Sırbistan,COUNTRY
1821,TANZANYA & ZANZIBAR TURU 08 – 17 OCAK 2024,TRIP
1822,TAPAS BAR,RESTAURANT
1823,TAVERNAS,RESTAURANT
1824,TAYLAND TURU 5 – 18 ŞUBAT,TRIP
1825,TEMPLES,HIGHLIGHT
1826,THESSALONIKI,CITY
1827,THESSALONIKI INN,HOTEL
1828,THESSALONIKI OLD TOWN,ACTIVITY
1829,TIMES SQUARE,ACTIVITY
1830,TOKYO,CITY
1831,TOKYO ESSENTIALS 2025,TRIP
1832,TOPKAPI PALACE,ACTIVITY
1833,TOWER OF LONDON,ACTIVITY
1834,TRAFALGAR RESTAURANT,RESTAURANT
1835,TRAIN,TRANSPORT
1836,TRAM,TRANSPORT
1837,TRASTEVERE TRATTORIA,RESTAURANT
1838,TRATTORIA ROMANA,RESTAURANT
1839,TURKEY,COUNTRY
1840,TURKEY TOUR 2024,TRIP
1841,Ta Prohm Tapınağı ziyareti,ACTIVITY
1842,Tadao Ando Café Restaurant,RESTAURANT
1843,Tai Po Old Market - Hong Kong,ACTIVITY
1844,Taj Lake Palace,HOTEL
1845,Takeshita Street,ACTIVITY
1846,Taktsang (Tiger’s Nest) Manastırı - Paro,ACTIVITY
1847,Tam Gün Tekne Gezisi,ACTIVITY
1848,Tam gün safari,ACTIVITY
1849,Tango,HIGHLIGHT
1850,Tango Gösterisi - Buenos Aires,ACTIVITY
1851,Tango House,RESTAURANT
1852,Tanju Okan Parkı,ACTIVITY
1853,Tanzanya,COUNTRY
1854,Taormina,CITY
1855,Taormina,HIGHLIGHT
1856,Taormina Gezisi,ACTIVITY
1857,Taormina şehir turu,ACTIVITY
1858,Tapınak,HIGHLIGHT
1859,Tapınaklar ve Şehir Gezisi,ACTIVITY
1860,Tasmanya,HIGHLIGHT
1861,Tayland,COUNTRY
1862,Tayland,HIGHLIGHT
1863,Tayland & Endonezya Gezisi,TRIP
1864,Tayland & Vietnam Gezisi,TRIP
1865,Tayland Gezi Önerileri,TRIP
1866,Tayland içi transferler,TRANSPORT
1867,Taşkınpaşa Medresesi,ACTIVITY
1868,Te Puia Maori Dansı ve Gayzerler,ACTIVITY
1869,TeamLab Borderless ziyareti,ACTIVITY
1870,TeamLab Planets,ACTIVITY
1871,Teatro Greco,ACTIVITY
1872,Tekapo,CITY
1873,Tekila & Mezcal Tadımı,ACTIVITY
1874,Temple of Literature ziyareti,ACTIVITY
1875,Templo Mayor,ACTIVITY
1876,Tenryu-ji Tapınağı,ACTIVITY
1877,Terrace Rim Naam,RESTAURANT
1878,Teshima,CITY
1879,Teshima,HIGHLIGHT
1880,Teshima Sanat Müzesi,ACTIVITY
1881,Teshima Yokoo Evi,ACTIVITY
1882,The Biltmore Mayfair Hotel,HOTEL
1883,The Craigellachie Hotel,HOTEL
1884,The Guild Dubai,RESTAURANT
1885,The Lookout Cafe,RESTAURANT
1886,The MAINE Oyster Bar & Grill JBR,RESTAURANT
1887,The Mall Firenze,HIGHLIGHT
1888,The Mall Firenze outlet gezisi,ACTIVITY
1889,The Market Restaurant,HIGHLIGHT
1890,The Market Restaurant (Vietnam),RESTAURANT
1891,The Market Restaurant’ta Vietnam yemek kursu,ACTIVITY
1892,The Rees Hotel & Luxury Apartments,HOTEL
1893,The Resort at Pelican Hill,HOTEL
1894,The Restaurant at Address Dubai Mall,RESTAURANT
1895,The Retreat (günübirlik kullanım),HOTEL
1896,"The Retreat (kahvaltı, öğle yemeği)",RESTAURANT
1897,The Ritz Carlton Ras Al Khaimah,HOTEL
1898,The Rocks,ACTIVITY
1899,The St. Regis Mexico City,HOTEL
1900,"The St. Regis Saadiyat Island Resort, Abu Dhabi",HOTEL
1901,The Surin,HOTEL
1902,The Surin Phuket,HIGHLIGHT
1903,The Surin Phuket,HOTEL
1904,The Table Bay,HOTEL
1905,"The Tasman, a Luxury Collection Hotel, Hobart",HOTEL
1906,Thien Canh Son Cave ziyareti,ACTIVITY
1907,Thimphu,CITY
1908,Thimphu Şehir Turu,ACTIVITY
1909,Thonburi Kanalları,HIGHLIGHT
1910,Thonburi Kanalları tekne turu,ACTIVITY
1911,Tierra del Fuego Milli Parkı - Ushuaia,ACTIVITY
1912,Tiger’s Nest,HIGHLIGHT
1913,Tigre Delta Tekne Gezisi,ACTIVITY
1914,Tijuca Ormanı ve Vista Chinesa,ACTIVITY
1915,Todai-ji Tapınağı ziyareti,ACTIVITY
1916,Tokyo,CITY
1917,Tokyo,HIGHLIGHT
1918,Tokyo şehir turu,ACTIVITY
1919,Tonle Sap Gölü yüzen köy ziyareti,ACTIVITY
1920,Topkapı Sarayı,ACTIVITY
1921,Torre dos Clérigos,ACTIVITY
1922,Toskana,CITY
1923,Toskana,HIGHLIGHT
1924,Toskana Bağ Bozumu Programı,TRIP
1925,Toskana Gezisi,TRIP
1926,Toskana Gezisi - Bayram Programı,TRIP
1927,Toskana Gezisi - Selen Zorlu,TRIP
1928,Toskana içi kara transferleri,TRANSPORT
1929,Toskana kasabaları ve doğa gezileri,ACTIVITY
1930,Toskana kırsalı,CITY
1931,Toskana ve Floransa içi kara transferleri,TRANSPORT
1932,Toskana’da şarap bağları ve bölgesel geziler,ACTIVITY
1933,Tour de Fromages - Cluny,ACTIVITY
1934,Tours,CITY
1935,Tours Şehri Gezisi,ACTIVITY
1936,Tra Que Organic Village bisiklet turu,ACTIVITY
1937,Tra Que Village,HIGHLIGHT
1938,Traian Çeşmesi,ACTIVITY
1939,Trattoria Alla Madonna,RESTAURANT
1940,Treehotel,HOTEL
1941,Trinidad,CITY
1942,Trinidad,HIGHLIGHT
1943,Trinidad gezisi ve La Canchanchara Bar ziyareti,ACTIVITY
1944,Trulli,HIGHLIGHT
1945,Trulli Evleri - Alberobello,ACTIVITY
1946,Tuktuk Gezisi & Rehberli Yürüyüş Turu,ACTIVITY
1947,Tulum,CITY
1948,Tulum,HIGHLIGHT
1949,Tuna & Sava Nehirlerinin Birleşim Noktası,ACTIVITY
1950,Tuna Nehri Tekne Gezisi,ACTIVITY
1951,Two Oceans Aquarium,ACTIVITY
1952,Türk Hava Yolları TK1323,TRANSPORT
1953,Türk Hava Yolları TK1393,TRANSPORT
1954,Türk Hava Yolları TK1467,TRANSPORT
1955,Türk Hava Yolları TK168,TRANSPORT
1956,Türk Hava Yolları TK169,TRANSPORT
1957,Türk Hava Yolları TK174,TRANSPORT
1958,Türk Hava Yolları TK181,TRANSPORT
1959,Türk Hava Yolları TK184,TRANSPORT
1960,Türk Hava Yolları TK1864,TRANSPORT
1961,Türk Hava Yolları TK1867,TRANSPORT
1962,Türk Hava Yolları TK2175,TRANSPORT
1963,Türk Hava Yolları TK2341,TRANSPORT
1964,Türk Hava Yolları TK44,TRANSPORT
1965,Türk Hava Yolları TK68,TRANSPORT
1966,Türk Hava Yolları TK716,TRANSPORT
1967,Türk Hava Yolları İstanbul - Rio Uçuşu,TRANSPORT
1968,Türkiye,COUNTRY
1969,Türkiye,HIGHLIGHT
1970,UDON HOUSE,RESTAURANT
1971,UNDERGROUND,TRANSPORT
1972,UNITED KINGDOM,COUNTRY
1973,UNITED STATES,COUNTRY
1974,URGUP,CITY
1975,USA Gezisi - Selen Zorlu,TRIP
1976,Udaipur,CITY
1977,Udaipur,HIGHLIGHT
1978,Udaipur City Palace ve göl çevresi gezisi,ACTIVITY
1979,Udaipur City Palace ziyareti,ACTIVITY
1980,Udaipur göl gezileri ve saray ziyareti,ACTIVITY
1981,Udaipur göl gezisi,ACTIVITY
1982,Udayan Terrace,RESTAURANT
1983,Uffizi Galerisi,ACTIVITY
1984,Ula Beach RAK,RESTAURANT
1985,Ulu Camii ziyareti,ACTIVITY
1986,Ulusal Müze,ACTIVITY
1987,Ulusal Müze - Sydney,ACTIVITY
1988,Ulusal Saray ve Diego Rivera duvar resimleri ziyareti,ACTIVITY
1989,Ulusal Tarih Müzesi,ACTIVITY
1990,Uluslararası uçuşlar,TRANSPORT
1991,Uno Hotel,HOTEL
1992,Urla,CITY
1993,Urla,HIGHLIGHT
1994,Urla Sanat Sokağı,ACTIVITY
1995,Ushuaia,CITY
1996,Ushuaia,HIGHLIGHT
1997,Uçhisar,ACTIVITY
1998,V&A Waterfront,ACTIVITY
1999,V&A Waterfront,HIGHLIGHT
2000,VENEDİK & MİLANO TURU 08 – 12,TRIP
2001,VENICE,CITY
2002,VENICE SUITES,HOTEL
2003,Vaftizhane (Battistero di San Giovanni),ACTIVITY
2004,Valletta,CITY
2005,Valletta,HIGHLIGHT
2006,Valletta şehir turu,ACTIVITY
2007,Van Gogh Müzesi,ACTIVITY
2008,Varanasi,CITY
2009,Varanasi,HIGHLIGHT
2010,Varanasi’de Ganj Nehri kıyısında Aarti töreni,ACTIVITY
2011,Venedik,CITY
2012,Venedik,HIGHLIGHT
2013,Venedik Bienali ülke pavyonları turu,ACTIVITY
2014,Venedik içi deniz taksi transferleri,TRANSPORT
2015,Vespa ile gece turu ve Banh Xeo tadımı,ACTIVITY
2016,Vezüv Yanardağı,ACTIVITY
2017,Victoria Eugenia Tiyatrosu - San Sebastián,ACTIVITY
2018,Vietnam,COUNTRY
2019,Vietnam,HIGHLIGHT
2020,Vietnam & Bangkok Gezisi - Gökhan Mendi,TRIP
2021,Vietnam & Kamboçya Gezisi,TRIP
2022,Vietnam Gezisi,TRIP
2023,Vietnam içi transferler,TRANSPORT
2024,Vigeland Heykel Parkı,ACTIVITY
2025,Villa Comunale Bahçeleri,ACTIVITY
2026,Villa Piedimonte,HOTEL
2027,Villandry Şatosu,ACTIVITY
2028,Vinales,CITY
2029,Vinales,HIGHLIGHT
2030,Vinales tütün tarlaları ve çiftlik ziyareti,ACTIVITY
2031,"Vinales şehir merkezi, tütün tarlaları ve çiftlik ziyareti",ACTIVITY
2032,Vinum Restaurant & Wine Bar,RESTAURANT
2033,Violet Cruise (Ha Long Körfezi),HOTEL
2034,Violet Cruise – Ha Long Körfezi tekne yolculuğu,TRANSPORT
2035,Vista Chinesa,ACTIVITY
2036,Vittoriosa,CITY
2037,Volcanoes & Temples Turu (Helikopter),ACTIVITY
2038,Volcanoes National Park,CITY
2039,Volcanoes National Park Gorilla Trekking,ACTIVITY
2040,Volvo,HIGHLIGHT
2041,Volvo EX90 Basın Seyahati - Los Angeles,TRIP
2042,Volvo EX90 sunumu ve sürüş deneyimi,ACTIVITY
2043,Volvo etkinlikleri,ACTIVITY
2044,Vézelay,CITY
2045,Vézelay,HIGHLIGHT
2046,WHITE Beach Dubai,RESTAURANT
2047,Wadi Rum,CITY
2048,Wadi Rum,HIGHLIGHT
2049,Wadi Rum çöl safarisi,ACTIVITY
2050,Wang Lang Market - Bangkok,ACTIVITY
2051,War Remnants Museum ziyareti,ACTIVITY
2052,Wat Arun,HIGHLIGHT
2053,Wat Arun (Şafak Tapınağı) ziyareti,ACTIVITY
2054,Wat Arun Tapınakları - Bangkok,ACTIVITY
2055,Wat Chedi Luangis,ACTIVITY
2056,Wat Pho,HIGHLIGHT
2057,Wat Pho (Yatan Buda Tapınağı) gezisi,ACTIVITY
2058,Wat Pho Tapınağı,ACTIVITY
2059,Wat Pho Tapınağı - Bangkok,ACTIVITY
2060,Wat Phra Kaew,ACTIVITY
2061,Wat Phra That Doi Suthep,ACTIVITY
2062,Wat Ratchabophit,ACTIVITY
2063,Wat Rong Khun,ACTIVITY
2064,Wat Suan Dok Tapınağı,ACTIVITY
2065,Wat Suthat Tapınağı - Bangkok,ACTIVITY
2066,Water Puppet gösterisi,ACTIVITY
2067,Water Villa One Bedroom,HOTEL
2068,Water Villa with Pool,HOTEL
2069,Wellington,CITY
2070,Westlake bölgesi turu (vintage jeep ile),ACTIVITY
2071,Weta Workshop,ACTIVITY
2072,Wong Tai Sin Tapınağı - Hong Kong,ACTIVITY
2073,Woodend Restaurant,RESTAURANT
2074,Xavi Bou Atölye ziyareti,ACTIVITY
2075,Xochimilco yüzen bahçeleri gezisi,ACTIVITY
2076,Yangon,CITY
2077,Yangon,HIGHLIGHT
2078,Yangon şehir turu,ACTIVITY
2079,Yaz,SEASON
2080,Yengeç Restoran - Urla İskele,RESTAURANT
2081,Yeni Zelanda,COUNTRY
2082,Yeni Zelanda,HIGHLIGHT
2083,Yerebatan Sarnıcı,ACTIVITY
2084,Yerel Lüks Restoran - Adelaide,RESTAURANT
2085,Yerel aile evi – çay ve taze meyve ikramı,RESTAURANT
2086,"Yerel restoranlarda öğle yemekleri (Hanoi, Ho Chi Minh turları sırasında)",RESTAURANT
2087,Yorgo Seferis’in doğduğu ev,ACTIVITY
2088,Yucatan Valilik Sarayı duvar resimleri ziyareti,ACTIVITY
2089,Yunan Tiyatrosu - Siracusa,ACTIVITY
2090,Yves Saint Laurent Müzesi ziyareti,ACTIVITY
2091,Yılbaşı,HIGHLIGHT
2092,Zambiya,COUNTRY
2093,Zanzibar,CITY
2094,Zeitz MOCAA ziyareti,ACTIVITY
2095,Zeitz Museum of Contemporary Art Africa,ACTIVITY
2096,Zeitz Çağdaş Sanatlar Müzesi,ACTIVITY
2097,Zinciriye Medresesi ziyareti,ACTIVITY
2098,Zurriola Plajı,ACTIVITY
2099,Zócalo Meydanı,ACTIVITY
2100,Zócalo ve Metropolitan Katedrali ziyareti,ACTIVITY
2101,Å,CITY
2102,Å köyü gezisi,ACTIVITY
2103,Çarşı,HIGHLIGHT
2104,Çağdaş Sanat,HIGHLIGHT
2105,Çekya,COUNTRY
2106,Çekya,HIGHLIGHT
2107,Çin,COUNTRY
2108,Çin,HIGHLIGHT
2109,Çiçek Kültürü Müzesi - Bangkok,ACTIVITY
2110,Çöl Safarisi,ACTIVITY
2111,Çöl Safarisi,HIGHLIGHT
2112,Çölde Akşam Yemeği,ACTIVITY
2113,Église Saint-Symphorien - Nuits-Saint-Georges,ACTIVITY
2114,Öğle Safarisi,ACTIVITY
2115,Öğleden sonra safari,ACTIVITY
2116,Ümit Burnu Kalesi,ACTIVITY
2117,Ürdün,COUNTRY
2118,Ürdün,HIGHLIGHT
2119,Ürdün Gezisi,TRIP
2120,Ürdün Gezisi - Berrin Zorlu,TRIP
2121,Ürdün içi kara transferleri,TRANSPORT
2122,İSTANBUL – KAPADOKYA – İZMİR TURU 23 TEMMUZ – 2 AĞUSTOS 2023,TRIP
2123,İZLANDA TURU 18 – 24 MAYIS,TRIP
2124,İlkbahar,SEASON
2125,İngiltere,COUNTRY
2126,İngiltere,HIGHLIGHT
2127,İskoçya,COUNTRY
2128,İspanya,COUNTRY
2129,İspanya,HIGHLIGHT
2130,İstanbul,CITY
2131,İstanbul - Bilbao Uçuşu,TRANSPORT
2132,İstanbul - Katmandu Uçuşu,TRANSPORT
2133,İstanbul - Lyon Uçuşu,TRANSPORT
2134,İstanbul - Nairobi Uçuşu,TRANSPORT
2135,İstanbul - Rovaniemi Uçuşu,TRANSPORT
2136,İstanbul – Abu Dhabi uçuşu,TRANSPORT
2137,"İstanbul – Amman uçuşu (TK812, Türk Hava Yolları)",TRANSPORT
2138,"İstanbul – Amman uçuşu (TK816, Türk Hava Yolları)",TRANSPORT
2139,"İstanbul – Bangkok uçuşu (TK68, Türk Hava Yolları)",TRANSPORT
2140,İstanbul – Bangkok – Vietnam uçuşları (THY 69),TRANSPORT
2141,İstanbul – Barselona uçuşu,TRANSPORT
2142,"İstanbul – Bologna uçuşu (TK1321, Türk Hava Yolları)",TRANSPORT
2143,İstanbul – Bologna uçuşu (Türk Hava Yolları),TRANSPORT
2144,İstanbul – Cape Town uçuşu (TK44),TRANSPORT
2145,İstanbul – Delhi uçuşu (TK716),TRANSPORT
2146,"İstanbul – Delhi uçuşu (TK716, Türk Hava Yolları)",TRANSPORT
2147,"İstanbul – Doha uçuşu (QR 246, Qatar Airways)",TRANSPORT
2148,İstanbul – Fas uçuşu,TRANSPORT
2149,"İstanbul – Hanoi uçuşu (TK 166, Türk Hava Yolları)",TRANSPORT
2150,"İstanbul – Hanoi uçuşu (TK164, Türk Hava Yolları)",TRANSPORT
2151,İstanbul – Havana uçuşu (TK183),TRANSPORT
2152,"İstanbul – Ho Chi Minh uçuşu (TK168, Türk Hava Yolları)",TRANSPORT
2153,"İstanbul – Johannesburg uçuşu (TK38, Türk Hava Yolları)",TRANSPORT
2154,İstanbul – Johannesburg uçuşu (TK42),TRANSPORT
2155,"İstanbul – Kahire uçuşu (TK694D, Türk Hava Yolları)",TRANSPORT
2156,İstanbul – Katanya uçuşu TK 1395,ACTIVITY
2157,İstanbul – Katanya uçuşu TK 1395,TRANSPORT
2158,"İstanbul – Lima uçuşu (TK800, Türk Hava Yolları, Panama aktarmalı CM337)",TRANSPORT
2159,İstanbul – Lizbon uçuşu TK 1759,TRANSPORT
2160,İstanbul – Londra uçuşu (THY 1979),TRANSPORT
2161,İstanbul – Los Angeles uçuşu,TRANSPORT
2162,"İstanbul – Malaga uçuşu (TK1303, Türk Hava Yolları)",TRANSPORT
2163,İstanbul – Mardin uçuşu (TK2674),TRANSPORT
2164,İstanbul – Marsilya uçuşu (TK1365),TRANSPORT
2165,İstanbul – Marsilya uçuşu (TK1367),TRANSPORT
2166,"İstanbul – Marsilya uçuşu (TK1367, Türk Hava Yolları)",TRANSPORT
2167,İstanbul – Mexico City uçuşu (TK184),TRANSPORT
2168,İstanbul – Nairobi uçuşu (TK607),TRANSPORT
2169,İstanbul – Oslo – Svolvær uçuşu,TRANSPORT
2170,"İstanbul – Phuket uçuşu (TK172, Türk Hava Yolları)",TRANSPORT
2171,"İstanbul – Prag uçuşu (TK1769, Türk Hava Yolları)",TRANSPORT
2172,İstanbul – Tokyo uçuşu,TRANSPORT
2173,İstanbul – Tokyo uçuşu (TK50),TRANSPORT
2174,İstanbul – Venedik uçuşu (THY 1867),TRANSPORT
2175,İstanbul – Yangon uçuşu,TRANSPORT
2176,İsveç,COUNTRY
2177,İtalya,COUNTRY
2178,İtalya,HIGHLIGHT
2179,"İtalya Gezisi - Bologna, Floransa, Toskana & Forte dei Marmi",TRIP
2180,İzlanda,CITY
2181,İzlanda,COUNTRY
2182,İzmir,CITY
2183,İzmir,HIGHLIGHT
2184,İzmir’in En Güzel Köyleri - Şirince & Urla,TRIP
2185,Şarap,HIGHLIGHT
2186,Şarap Mahzenleri,ACTIVITY
2187,Şarap Tadımı,HIGHLIGHT
2188,Şarap tadımları,ACTIVITY
2189,Şehir içi araç ile transferler,TRANSPORT
2190,Şehir içi transferler,TRANSPORT
2191,Şehir içi ve havalimanı transferleri,TRANSPORT
2192,Şehir içi ve lodge transferleri,TRANSPORT
2193,Şehir içi ve otel transferleri,TRANSPORT
2194,Şehir içi özel transferler,TRANSPORT
2195,Şili,COUNTRY
2196,Şirince,CITY
2197,Şirince,HIGHLIGHT
2198,Şirince Köyü,ACTIVITY
2199,Şirince Çarşısı,ACTIVITY
