name,label
"09 Kasım 2022: Bairro Alto Hotel transfer, check-in ve serbest zaman",ACTIVITY
09 Kasım 2022: İstanbul – Lizbon uçuşu (TK 1759),ACTIVITY
1950’lerden kalma Amerikan arabaları ile Havana turu,ACTIVITY
2018-11-14,DATE_START
2018-11-21,DATE_END
2022-07-08,DATE_START
2022-07-19,DATE_END
2023-12-06,DATE_START
2023-12-16,DATE_END
2024-01-08,DATE_START
2024-01-15,DATE_END
2024-01-17,DATE_END
2024-04-06,DATE_START
2024-04-13,DATE_END
2024-04-20,DATE_START
2024-04-25,DATE_END
2025-01-04,DATE_START
2025-01-19,DATE_START
2025-01-22,DATE_END
2025-01-22,DATE_START
2025-01-24,DATE_END
2025-01-30,DATE_END
2025-02-05,DATE_START
2025-02-18,DATE_END
2025-04-20,DATE_START
2025-04-23,DATE_END
2025-05-04,DATE_START
2025-05-07,DATE_END
2025-05-18,DATE_START
2025-05-24,DATE_END
2025-06-20,DATE_START
2025-06-23,DATE_END
2025-06-24,DATE_END
2025-08-04,DATE_START
2025-08-08,DATE_END
2025-08-18,DATE_START
2025-08-25,DATE_END
2025-09-12,DATE_START
2025-09-15,DATE_END
2025-09-21,DATE_START
2025-09-23,DATE_END
2025-10-03,DATE_START
2025-10-06,DATE_END
2025-10-07,DATE_START
2025-10-11,DATE_END
2025-11-09,DATE_START
2025-11-11,DATE_END
2025-12-07,DATE_START
2025-12-16,DATE_END
2025-12-20,DATE_START
2025-12-25,DATE_END
2025-12-25,DATE_START
2025-12-29,DATE_END
2026-01-03,DATE_END
2026-01-25,DATE_START
59. Venedik Bienali,TRIP
A-Ma Tapınağı,ACTIVITY
ABD,HIGHLIGHT
ACE Hotel Kyoto,HOTEL
ACROPOLIS TOUR,ACTIVITY
AMALFI TURU 20 – 23 HAZİRAN,TRIP
AMALFI TURU 20 – 24 HAZİRAN,TRIP
ARCHITECTURE,HIGHLIGHT
ARLES TURU 03 – 06 EKİM,TRIP
ART,HIGHLIGHT
ATHENS,CITY
ATHENS PLAZA HOTEL,HOTEL
AVUSTRALYA & YENİ ZELANDA TURU 14 ARALIK – 3 OCAK,TRIP
AYASOFYA CAMII,ACTIVITY
Aarti töreni,HIGHLIGHT
Abbaye Sainte-Marie-Madeleine - Vézelay,ACTIVITY
Abu Dhabi,CITY
Abu Dhabi,HIGHLIGHT
Abu Dhabi – Ras Al Khaimah transferi,TRANSPORT
Ada içi özel araç transferleri,TRANSPORT
"Address Dubai Mall, Dubai",HOTEL
Adelaide,CITY
Adelaide - Brisbane İç Hat Uçuşu,TRANSPORT
Adolf Hitler’in Kartal Yuvası,ACTIVITY
Aerolineas Argentinas AR1783 Iguazú - Buenos Aires,TRANSPORT
Aeroméxico AM826D,TRANSPORT
Agzikarahan Kervansarayı,ACTIVITY
Ai Weiwei sergisi,ACTIVITY
Air India AI406,TRANSPORT
Air Kenya iç hat uçuşu,TRANSPORT
Aix-en-Provence,CITY
Aix-en-Provence,HIGHLIGHT
Akihabara gezisi,ACTIVITY
Akşam Safari,ACTIVITY
Akşam safari,ACTIVITY
Alberobello,CITY
Alberobello,HIGHLIGHT
Alberobello Trulli Evleri,ACTIVITY
Alcazaba,ACTIVITY
Alcazar Kalesi - Córdoba,ACTIVITY
Alcázar - Sevilla,ACTIVITY
Alegra Benardete ile Sicilya’da Nefes,TRIP
Ali ibn Yusuf Medresesi ziyareti,ACTIVITY
Alman Kasabası Hahndorf,ACTIVITY
Almanac Barcelona,HOTEL
Almanya,COUNTRY
Altın Kule (Torre del Oro),ACTIVITY
Alışveriş,HIGHLIGHT
Amalfi,CITY
Amalfi Kasabası Gezisi,ACTIVITY
Amanhã (Yarının Müzesi),ACTIVITY
Amber Fort,ACTIVITY
Amber Kalesi ziyareti,ACTIVITY
Amboise,CITY
Amboise Şatosu,ACTIVITY
Amerika Birleşik Devletleri,COUNTRY
Amman,CITY
Amman,HIGHLIGHT
Amman şehir turu,ACTIVITY
Ananda ve Gubyaukgyi tapınakları ziyareti,ACTIVITY
Anantara Golden Triangle,HIGHLIGHT
"Anantara Golden Triangle, Chiang Rai",HOTEL
Anayasa Limanı - Hobart,ACTIVITY
Angkor,HIGHLIGHT
Angkor Wat,HIGHLIGHT
Antico Ristorante Paoli 1827,RESTAURANT
Antik Roma Amfitiyatrosu,ACTIVITY
Antinori nel Chianti Classico Şaraphanesi,ACTIVITY
Antoni Tàpies Müzesi ziyareti,ACTIVITY
Antropoloji Müzesi,ACTIVITY
Anzac-Atatürk Anıtı,ACTIVITY
Arashiyama Bamboo Grove ziyareti,ACTIVITY
Arashiyama bölgesi ziyareti,ACTIVITY
Arctic Restaurant,RESTAURANT
Arctic TreeHouse Hotel,HOTEL
Arethusa Çeşmesi,ACTIVITY
Arjantin,COUNTRY
Arjantin,HIGHLIGHT
Arjantin Gezisi,TRIP
Arkeoloji,HIGHLIGHT
Arles,CITY
Arles,HIGHLIGHT
Arles Gezisi,ACTIVITY
Arles Luma Müzesi ziyareti,ACTIVITY
Arles şehir gezisi,ACTIVITY
Arsenale ana sergi turu,ACTIVITY
Art House Project,ACTIVITY
Art Tour,ACTIVITY
Artemis Restaurant ve Şarapevi,RESTAURANT
Arusha,CITY
Arşimed Meydanı,ACTIVITY
Ashinoko Gölü tekne turu,ACTIVITY
Ashinoko Tekne Gezisi,ACTIVITY
Astrup Fearnley Museum of Modern Art,ACTIVITY
Aswan,CITY
Atelier de Cezanne ziyareti,ACTIVITY
Ateş Böceği Mağarası,ACTIVITY
Atlantis The Royal,HOTEL
Atlı Kızak Turu (St Wolfgang),ACTIVITY
Auberge de la Madone - Fleurie,RESTAURANT
Aubergine Restaurant,RESTAURANT
Auckland,CITY
Auckland Şehir Gezisi,ACTIVITY
Aurora,HIGHLIGHT
Aurora Borealis Macerası,ACTIVITY
Avarum Restaurant,RESTAURANT
Avignon,CITY
Avignon,HIGHLIGHT
Avignon Gezisi,ACTIVITY
Avustralya,COUNTRY
Avustralya,HIGHLIGHT
Avustralya Gezisi,TRIP
Avustralya – Yeni Zelanda,TRIP
Avusturya,COUNTRY
Ayasofya,ACTIVITY
Aziz John Baptist Kilisesi,ACTIVITY
Aziz Paulo Katedrali Harabesi - Macau,ACTIVITY
Aziz Sava Kilisesi,ACTIVITY
Aztek,HIGHLIGHT
BAE,HIGHLIGHT
BAE Gezisi - Fuat Pamukçu,TRIP
BALI & BANGKOK TURU 18 TEMMUZ – 06 AĞUSTOS,TRIP
BALKAN CULTURAL SITES,ACTIVITY
BALKAN CULTURE TOUR 2025,TRIP
BALKANS 2025,TRIP
BALKANS LOOP 2025,TRIP
BALLOON RIDE,ACTIVITY
BARCELONA,CITY
BARCELONA ARCHITECTURE 2024,TRIP
BARCELONA TURU 09 – 11 KASIM,TRIP
BELGRAD TURU 21 – 23 EYLÜL,TRIP
BIG BEN,ACTIVITY
BILBAO & SAN SEBASTIAN TURU 12 – 15 EYLÜL,TRIP
BLUE MOSQUE,ACTIVITY
BOAT,TRANSPORT
BREZİLYA – ARJANTİN – ŞİLİ TURU 04 – 22 OCAK,TRIP
BRITISH MUSEUM,ACTIVITY
BRUGGE & LOIRE TURU 20 – 23 NİSAN,TRIP
BULGARIA,COUNTRY
BUS,TRANSPORT
Babel Hotel,HOTEL
Babylonstoren Hotel,HOTEL
Bagan,CITY
Bagan,HIGHLIGHT
Bagan tapınakları gezisi,ACTIVITY
"Bairro Alto Hotel, Praça Luís de Camões, 2 1200",HOTEL
Balenciaga,HIGHLIGHT
Bali,CITY
Bali,HIGHLIGHT
Balina,HIGHLIGHT
Bali’de tapınak ziyaretleri ve sahil aktiviteleri,ACTIVITY
Ballarat,CITY
Ballindalloch Castle & Gardens,ACTIVITY
Balon Turu,ACTIVITY
Balsamik sirke tadımı ve üretici ziyareti,ACTIVITY
Bangkok,CITY
Bangkok,HIGHLIGHT
Bangkok & Hong Kong Gezisi,TRIP
Bangkok Kanalları Gezisi,ACTIVITY
Bangkok kanal turu (Thonburi Klongs) ve Chao Phraya Nehri gezisi,ACTIVITY
Bangkok Şehir Gezisi,ACTIVITY
Bangkok şehir turu,ACTIVITY
Bangkok şehir turu ve alışveriş aktiviteleri,ACTIVITY
"Bangkok şehir turu: Wat Arun, Wat Pho, Çin Mahallesi",ACTIVITY
Bangkok – Bali uçuşu,TRANSPORT
"Bangkok – Chiang Rai uçuşu (PG231, Bangkok Airways)",TRANSPORT
"Bangkok – Danang uçuşu (PG222, Bangkok Airways)",TRANSPORT
Bangkok – İstanbul dönüş uçuşu (THY 69),TRANSPORT
Bangkok – İstanbul uçuşu (THY69),TRANSPORT
"Bangkok – İstanbul uçuşu (TK 65, Türk Hava Yolları)",TRANSPORT
Bangkok’ta Grand Palace & Wat Phra Kaew ziyareti,ACTIVITY
Banh Xeo,HIGHLIGHT
Banteay Srei ve Banteay Samre tapınakları ziyareti,ACTIVITY
Bar Vitelli,ACTIVITY
Barcelona,CITY
Barcelona şehir gezisi,ACTIVITY
BarcelonaMilona,RESTAURANT
Barceloneta Restoran,RESTAURANT
Bari,CITY
Bari Şehir Gezisi,ACTIVITY
Barok,HIGHLIGHT
Barok Mimari,HIGHLIGHT
Barossa Valley,CITY
Barossa Valley Şarap Bağları,ACTIVITY
Barselona,CITY
Barselona,HIGHLIGHT
Barselona Gezisi,TRIP
Barselona içi transferler,TRANSPORT
Basilica di Sant’Antonino,ACTIVITY
Batalha Meydanı,ACTIVITY
Bağ Bozumu,HIGHLIGHT
Bağ bozumu deneyimi,ACTIVITY
Beach Restaurant (The Surin),RESTAURANT
"Beach Restaurant, The Surin (Phuket)",RESTAURANT
Beach Villa with Pool,HOTEL
Beagle Kanalı - Ushuaia,ACTIVITY
Beaujolais Şarap Bağları - Fleurie,ACTIVITY
Beaune,CITY
Beaune,HIGHLIGHT
Beffroi Meydanı - Nuits-Saint-Georges,ACTIVITY
Belediye Binası,ACTIVITY
Belgrad,CITY
Belgrad Şehir Gezisi,ACTIVITY
Belisirma Nehir Kenarı Restoran,RESTAURANT
Belmond,HIGHLIGHT
Belmond La Résidence d’Angkor,HOTEL
Belmond Miraflores Park (Lima),HOTEL
Belmond Road to Mandalay Cruise,HOTEL
Belçika,COUNTRY
Ben Thanh Market ziyareti,ACTIVITY
Ben Thanh Pazarı ve Nguyen Hue caddelerinde alışveriş,ACTIVITY
Benedictine Manastırı - Cluny,ACTIVITY
Benesse House,ACTIVITY
Benesse House,HOTEL
Berchtesgaden,CITY
Bergen,CITY
Bergen Børs Hotel,HOTEL
Bergen Market Square & Balık Pazarı,ACTIVITY
Bhaktapur,CITY
Bhaktapur - Katmandu,ACTIVITY
Bhaya Cruise,HIGHLIGHT
Bhaya Cruise (Lan Ha Bay / Ha Long),HOTEL
Bhutan,COUNTRY
Bhutan,HIGHLIGHT
Bhutan & Nepal Gezisi,TRIP
Biarritz,CITY
Biarritz,HIGHLIGHT
Biarritz Gezisi,ACTIVITY
Biarritz Grande Plage,ACTIVITY
Biarritz Şehir Turu,ACTIVITY
Bienal,HIGHLIGHT
Big Buddha,HIGHLIGHT
Bilbao,CITY
Bilbao,HIGHLIGHT
Bilbao & San Sebastián Gezisi,TRIP
Bilbao Şehir Turu,ACTIVITY
Birleşik Arap Emirlikleri,COUNTRY
Bisate Lodge,HOTEL
Bishnoi köyü safari gezisi,ACTIVITY
Blair Castle,ACTIVITY
Blois,CITY
Blue Lagoon,ACTIVITY
Blue Mountains Gezisi,ACTIVITY
Bo Sang Köyü,ACTIVITY
Bo-Kaap Mahallesi,ACTIVITY
Boavista,ACTIVITY
Bogotá,CITY
Bogotá,HIGHLIGHT
Bogotá şehir turu,ACTIVITY
Bologna,CITY
Bologna,HIGHLIGHT
Bologna Havalimanı – Toskana otel transferi,TRANSPORT
Bologna Havalimanı – şehir içi transfer,TRANSPORT
Bologna Havalimanı – şehir merkezi transferi,TRANSPORT
"Bologna şehir turu (Piazza Maggiore, Basilica di San Petronio, Fontana di Nettuno, Palazzo Communale)",ACTIVITY
Bologna – İstanbul uçuşu (Türk Hava Yolları),TRANSPORT
Bologna – şehir içi transferler,TRANSPORT
Bondi Plajı,ACTIVITY
Borgo Santo Pietro,HIGHLIGHT
Borgo Santo Pietro,HOTEL
Botanik Bahçeleri - Sydney,ACTIVITY
Bottega Della Tarsia Lignea Müzesi,ACTIVITY
Boulders Beach - Penguenler,ACTIVITY
Boulders Beach Penguen Kolonisi,ACTIVITY
Boulders Beach penguen kolonisi ziyareti,ACTIVITY
Boulders Penguen Kolonisi,ACTIVITY
Boğaz Turu,ACTIVITY
Brezilya,COUNTRY
Brezilya,HIGHLIGHT
Brezilya & Arjantin Gezisi,TRIP
Brijrama Palace,HOTEL
Brisbane,CITY
Brisbane Şehir Turu,ACTIVITY
Brugge,CITY
Brugge Gezisi,ACTIVITY
Bryggen Tracteursted,RESTAURANT
Buca Lapi,RESTAURANT
Buca Mario,RESTAURANT
Budizm,HIGHLIGHT
Buenos Aires,CITY
Buenos Aires,HIGHLIGHT
Buenos Aires Modern Sanat Müzesi,ACTIVITY
Buenos Aires Restaurant Önerileri,RESTAURANT
Buitenverwachting Restaurant,RESTAURANT
Bukhara - ITC Maurya Hotel,RESTAURANT
Bundi Palace ve Chitra Shala gezisi,ACTIVITY
Burgonya,HIGHLIGHT
Burgonya Gezisi,TRIP
Bölge içi kara transferleri,TRANSPORT
Bölge içi kara transferleri ve araç kiralama,TRANSPORT
Büyük Giza Sfenksi,ACTIVITY
Büyük Mısır Müzesi,ACTIVITY
Büyük Saray,ACTIVITY
CAPPADOCIA,CITY
CAPPADOCIA DREAM 2023,TRIP
CASA BATLLO,ACTIVITY
CENTRAL PARK,ACTIVITY
CITY BREAK,HIGHLIGHT
COLOSSEUM,ACTIVITY
COLOSSEUM TOUR,ACTIVITY
COMO Castello del Nero,HIGHLIGHT
COMO Castello del Nero,HOTEL
CULTURE,HIGHLIGHT
Cadaques,CITY
Cafe Iruña,RESTAURANT
Cafe Sacher Salzburg,RESTAURANT
Café Tadoa Ando,RESTAURANT
Caixa Forum gezisi,ACTIVITY
Callaway Winery,HIGHLIGHT
Callaway Winery ziyareti ve şarap tadımı,ACTIVITY
Cam Igloo Deneyimi,ACTIVITY
Camera Obscura & World of Illusions,ACTIVITY
Camps Bay Plajı,ACTIVITY
Camps Bay ve Clifton Beach,ACTIVITY
Canberra,CITY
Canberra Şehir Turu,ACTIVITY
Cancun,CITY
Cancun,HIGHLIGHT
Cancún,CITY
Cancún,HIGHLIGHT
Canne Bianche Lifestyle & Hotel,HOTEL
Cape Horn,ACTIVITY
Cape Horn,CITY
Cape Point,ACTIVITY
Cape Point,HIGHLIGHT
Cape Point & Ümit Burnu,ACTIVITY
Cape Point gezisi,ACTIVITY
Cape Town,CITY
Cape Town,HIGHLIGHT
Cape Town & Masa Dağı Gezisi,ACTIVITY
Cape Town Belediye Binası,ACTIVITY
Cape Town Gezisi,TRIP
Cape Town Graffiti Street Art Turu,ACTIVITY
Cape Town V&A Waterfront gezisi,ACTIVITY
Cape Town Şehir Gezisi,ACTIVITY
Cape Town şehir turu,ACTIVITY
Cape Town şehir turu ve çevre gezileri,ACTIVITY
Cape Winelands bölgesi ziyareti,ACTIVITY
Capella Bangkok Hotel,HOTEL
Capilla Real,ACTIVITY
Carmen de los Mártires Bahçesi,ACTIVITY
Carpe Diem Beach Club,RESTAURANT
Carrières de Lumières ziyareti,ACTIVITY
Cartagena,CITY
Cartagena,HIGHLIGHT
Cartagena eski şehir gezisi,ACTIVITY
Casa Di Melo Otel,HOTEL
Casa Milà,ACTIVITY
Casa Montejo ziyareti,ACTIVITY
Casa Rosada,ACTIVITY
Casa de Chá de Boa Nova,RESTAURANT
Casa del Rey Moro,ACTIVITY
Casino Municipal - Biarritz,ACTIVITY
Casinolar,HIGHLIGHT
Castel dell’Ovo,ACTIVITY
Cattedrale di San Giovanni Battista,ACTIVITY
Cattedrale di Sant’Andrea,ACTIVITY
Central Park,HIGHLIGHT
Central Park ziyareti,ACTIVITY
Centro Histórico,ACTIVITY
Cesky Krumlov,CITY
Cesky Krumlov,HIGHLIGHT
Cesky Krumlov şehir turu,ACTIVITY
Chandni Chowk,ACTIVITY
Chapelle Impériale - Biarritz,ACTIVITY
Chapman’s Peak Drive,ACTIVITY
Charter Flight Cessna Caravan 208 - Nairobi to Masai Mara,TRANSPORT
Chateau Estoublon,ACTIVITY
Chateau La Coste Art Tour,ACTIVITY
Chateau d’Estoublon,RESTAURANT
Chatuchak Weekend Market,ACTIVITY
Che Guevara’nın evi ziyareti,ACTIVITY
Cheverny Şatosu,ACTIVITY
Chiang Mai,CITY
Chiang Mai şehir turu,ACTIVITY
Chiang Rai,CITY
Chiang Rai,HIGHLIGHT
Chiang Rai Gezisi,ACTIVITY
Chiang Rai fil kampı ziyareti,ACTIVITY
"Chiang Rai’de fil sürüşü, Altın Üçgen gezisi veya yemek kursu",ACTIVITY
Chianti,CITY
Chianti,HIGHLIGHT
Chianti bölgesinde üzüm bağları ve köyler,ACTIVITY
Chichen Itza,ACTIVITY
Chichen Itza,CITY
Chichen Itza,HIGHLIGHT
Chichen-Itza arkeolojik alanı ziyareti,ACTIVITY
Chichu Sanat Müzesi,ACTIVITY
Chiesa Anime Sante del Purgatorio,ACTIVITY
Chiesa di San Carlo - Noto,ACTIVITY
Chiesa di San Francesco - Noto,ACTIVITY
Chiesa di Santa Maria delle Scale,ACTIVITY
Churchill Graham Şaraphanesi,ACTIVITY
Château La Coste,RESTAURANT
Château La Coste sanat ve mimari gezisi,ACTIVITY
Château La Coste şarap evi ve bahçeleri ziyareti,ACTIVITY
Château de Blois,ACTIVITY
Château de Chambord,ACTIVITY
Château de Chenonceau,ACTIVITY
Château du Clos Lucé,ACTIVITY
Cienfuegos,CITY
"Cienfuegos şehir turu (Valle Sarayı, Jose Marti Parkı, Prado Promenade)",ACTIVITY
City Palace - Jaipur,ACTIVITY
City Palace - Udaipur,ACTIVITY
City Palace Özel Akşam Yemeği,RESTAURANT
Ciutadella Park,ACTIVITY
Clara Restaurant,RESTAURANT
Clos de Lucé,ACTIVITY
Cluny,CITY
Cluny,HIGHLIGHT
Colline Éternelle - Vézelay Şarap Tadımı,ACTIVITY
Comendadoras de Santiago,ACTIVITY
Cordoba,CITY
Cordoba,HIGHLIGHT
Cordoba turu,ACTIVITY
Corso Umberto,ACTIVITY
Corso Vittorio Emanuele - Noto,ACTIVITY
Cortona,CITY
Cortona Tarihi Sokaklar,ACTIVITY
Cospicua,CITY
Coyoacan köyü ziyareti,ACTIVITY
Coyoacán & Frida Kahlo Müzesi,ACTIVITY
Cristo Redentor,HIGHLIGHT
Cristo Redentor Heykeli - Corcovado,ACTIVITY
Cristóbal Balenciaga Museoa - Getaria,ACTIVITY
Cruise,HIGHLIGHT
Crystal Gallery,ACTIVITY
Cu Chi Tünelleri gezisi,ACTIVITY
Cumhurbaşkanlığı Sarayı,ACTIVITY
Cusco,CITY
Cusco,HIGHLIGHT
Cusco turu,ACTIVITY
Cusco şehir turu,ACTIVITY
Córdoba,CITY
Córdoba,HIGHLIGHT
DANİMARKA & NORVEÇ TURU 18 – 25 AĞUSTOS 2025,TRIP
DISHOOM,RESTAURANT
Da Giacomo,RESTAURANT
Dali Müzesi ziyareti,ACTIVITY
Damat Ali Paşa Türbesi,ACTIVITY
Damnoen Saduak yüzen pazar ziyareti (Bangkok),ACTIVITY
Danang,CITY
Danang,HIGHLIGHT
Danimarka,COUNTRY
Darling Harbour,ACTIVITY
David Livingstone Müzesi,ACTIVITY
Dead Sea,CITY
Dead Sea,HIGHLIGHT
Dead Sea’de konaklama ve dinlenme,ACTIVITY
Delaire Graff,RESTAURANT
Delaire Graff Indochine Restaurant,RESTAURANT
Delhi,CITY
Delhi,HIGHLIGHT
Delhi şehir turu,ACTIVITY
"Delhi – Varanasi uçuşu (AI406, Air India)",TRANSPORT
Designmuseum Danmark,ACTIVITY
Deve Gezisi - Piramitler,ACTIVITY
Devrim Müzesi ziyareti,ACTIVITY
Deyrulzafaran Manastırı ziyareti,ACTIVITY
Dijon,CITY
Dijon,HIGHLIGHT
Doba Restaurant and Terrace,RESTAURANT
"Doha – Nairobi uçuşu (QR 1335, Qatar Airways)",TRANSPORT
Domaine Rion Armelle et Bernard - Şarap Tadımı,ACTIVITY
Domenico Modugno Heykeli - Polignano a Mare,ACTIVITY
Dominicans of Santo Domingo,ACTIVITY
Douro Nehri,HIGHLIGHT
Doğa,HIGHLIGHT
Doğu Bahçeler,ACTIVITY
Dubai,CITY
Dubai,HIGHLIGHT
Dubai Autodrome Circuit,ACTIVITY
Dubai Creek – Old Town,ACTIVITY
Dubai Mall,ACTIVITY
Dubai Programı,TRIP
Duomo - Noto,ACTIVITY
Duomo Meydanı - Ortigia,ACTIVITY
Duomo di Napoli,ACTIVITY
Duomo di San Giorgio,ACTIVITY
EDINBURGH & HIGHLANDS TURU 4 – 8 AĞUSTOS,TRIP
EIFFEL TOWER,ACTIVITY
EIXAMPLE HOTEL,HOTEL
EUROPE CLASSICS 2025,TRIP
EX90,HIGHLIGHT
Eat Me Restaurant,RESTAURANT
Edfu Tapınağı,ACTIVITY
Edinburgh,CITY
Efes,CITY
Efes Antik Kenti,ACTIVITY
Eglise Saint-Jean-Baptiste - Saint-Jean-de-Luz,ACTIVITY
El Alamillo Köprüsü,ACTIVITY
El Refaei Camii,ACTIVITY
El Tajo Kanyonu,ACTIVITY
El Tribut,RESTAURANT
Elephanta Adası ve Trimurti heykeli ziyareti,ACTIVITY
Elhamra,HIGHLIGHT
Elhamra Sarayı,ACTIVITY
Elhamra Sarayı,HIGHLIGHT
Elhamra Sarayı gezisi,ACTIVITY
Elkano Restaurant,RESTAURANT
Elkano Restoran - Getaria,RESTAURANT
Emara Ole Sereni Hotel,HOTEL
Emirates EK124,TRANSPORT
Endonezya,COUNTRY
Endonezya,HIGHLIGHT
Endülüs,HIGHLIGHT
Endülüs Gezisi,TRIP
Endülüs Gezisi - Berrin Zorlu,TRIP
Endülüs içi kara transferleri,TRANSPORT
Enoteca 1756 Restaurant,RESTAURANT
Err Restaurant,RESTAURANT
Eski Mardin Evleri ve Abbara tünelleri gezisi,ACTIVITY
Eski PTT Binası gezisi,ACTIVITY
Estiatorio Milos Dubai,RESTAURANT
Etna,CITY
Etna,HIGHLIGHT
Etna Yanardağı,ACTIVITY
Etna Yanardağı gezisi,ACTIVITY
FORUM INN,HOTEL
FRANCE,COUNTRY
FUSHIMI INARI SHRINE,ACTIVITY
Fas,COUNTRY
Fas,HIGHLIGHT
Fas içi transferler,TRANSPORT
Ferrari,HIGHLIGHT
Ferrari Müzesi ziyareti ve test sürüşü,ACTIVITY
Ferrari World,HIGHLIGHT
Ferrari World Abu Dhabi – Driving Experience,ACTIVITY
Fervor Restaurant,RESTAURANT
Fes,CITY
Fes,HIGHLIGHT
Fikirbayır,ACTIVITY
Finlandiya,COUNTRY
Finlandiya,HIGHLIGHT
Fitzroy Gardens & Captain Cook’un Evi,ACTIVITY
Fjallsárlón Glacier Lagoon,ACTIVITY
Fjellskål Seafood Restaurant,RESTAURANT
Fleurie,CITY
Flinders Chase National Park,ACTIVITY
Floransa,CITY
Floransa,HIGHLIGHT
Floransa çevresinde geziler,ACTIVITY
Floransa şehir turu (Piazza Della Signoria ve diğer yapılar),ACTIVITY
Floridita,RESTAURANT
Floridita’da öğle yemeği ve daiquiri kokteyl tadımı,ACTIVITY
Flåm,CITY
Flåm Railway Museum,ACTIVITY
Fonab Castle Hotel,HOTEL
Fondation Vincent van Gogh Arles ziyareti,ACTIVITY
Fonte Arethusa,ACTIVITY
Fort William,CITY
Forte dei Marmi,CITY
Forte dei Marmi,HIGHLIGHT
Forte dei Marmi sahil tatili,ACTIVITY
Forza d’Agrò,CITY
Forza d’Agrò Ortaçağ Köyü,ACTIVITY
Fosshotel Glacier Lagoon,HOTEL
Four Points by Sheraton JKIA,HOTEL
Four Seasons Hotel Cairo at Nile Plaza,HOTEL
Four Seasons Hotel The Westcliff,HOTEL
Foz do Douro,ACTIVITY
Foz do Iguaçu,CITY
Franklin Meydanı - Hobart,ACTIVITY
Fransa,COUNTRY
Fransa,HIGHLIGHT
Franschhoek,ACTIVITY
Franschhoek,CITY
Franschhoek,HIGHLIGHT
Franschhoek Motor Müzesi,ACTIVITY
Franschhoek ve Stellenbosch şarap bağları gezisi,ACTIVITY
Franschhoek Şarap Bağları,ACTIVITY
Franschhoek Şarap Bağları ve Galeriler,ACTIVITY
Fretheim Hotel,HOTEL
Frida Kahlo Müzesi ziyareti,ACTIVITY
Frieze London,HIGHLIGHT
Frieze London 2023,TRIP
Frieze London fuarı gezisi,ACTIVITY
Frieze Sculpture Park ziyareti,ACTIVITY
Fundació Suñol ziyareti,ACTIVITY
Fundación Rodriguez-Acosta Sanat Müzesi,ACTIVITY
Fushimi Inari Tapınağı ziyareti,ACTIVITY
GAUDI WEEKEND 2025,TRIP
GION RYOKAN,HOTEL
GOREME,CITY
GOREME CAVE HOTEL,HOTEL
GOREME OPEN AIR MUSEUM,ACTIVITY
GRAND BAZAAR,ACTIVITY
GREECE,COUNTRY
Gaia Şarap Evleri,ACTIVITY
Gala Restoran,RESTAURANT
Galleria dell’Accademia,ACTIVITY
Game Drive,HIGHLIGHT
Game Drives - Masai Mara,ACTIVITY
Gamze Çuhadaroglu PROVENCE 2022,TRIP
Ganj Nehri,HIGHLIGHT
Ganj Nehri Aarti Töreni,ACTIVITY
Garrya Nijo Castle Kyoto,HOTEL
Gastronomi,HIGHLIGHT
Gaudi,HIGHLIGHT
Gaztetape Plajı - Getaria,ACTIVITY
Gece Safarisi,ACTIVITY
Geisha & Maiko Gösterisi,ACTIVITY
Geleneksel Türk Restoranı (Efes),RESTAURANT
Generalife Bahçeleri,ACTIVITY
Gent,CITY
Gent Gezisi,ACTIVITY
Getaria,CITY
Getaria,HIGHLIGHT
Getaria Balıkçı Köyü,ACTIVITY
Giardini Bienali,ACTIVITY
Giardini Iblei,ACTIVITY
Giardini ana sergi turu,ACTIVITY
Ginza,ACTIVITY
Giraffe Centre ziyareti,ACTIVITY
Giraffe Manor,HIGHLIGHT
Giraffe Manor,HOTEL
Giraffe Manor (kahvaltı & ikindi çayı),RESTAURANT
Giraffe Manor’da zürafalarla kahvaltı ve ikindi çayı,ACTIVITY
Giralda Kulesi,ACTIVITY
Girona,CITY
Girona,HIGHLIGHT
Girona Gotik Katedrali,ACTIVITY
Giza Piramitleri,ACTIVITY
Giza Piramitleri,HIGHLIGHT
"Giza Piramitleri gezisi (Keops, Kefren, Mikerinos)",ACTIVITY
Glass Restaurant - Santa Claus Village,RESTAURANT
Godfather Film Kilisesi - Savoca,ACTIVITY
Gold Coast,CITY
Gold Coast,HIGHLIGHT
Golden Triangle Gezisi,ACTIVITY
Golden Triangle bölgesi gezisi,ACTIVITY
Gordes,CITY
Gordes,HIGHLIGHT
Gordes Gezisi,ACTIVITY
Gordes ve Roussillon köy gezileri,ACTIVITY
Goril Trekking,HIGHLIGHT
Gotik Mahallesi,ACTIVITY
Goðafoss Şelalesi,ACTIVITY
Granada,CITY
Granada,HIGHLIGHT
"Granada şehir merkezi turu (Realejo Mahallesi, Capilla Real, Katedral, Madraza)",ACTIVITY
Grand Hotel Timeo - Deluxe Sea View Junior Suite with balcony or terrace,HOTEL
Grand Palace,HIGHLIGHT
Grand Palace & Wat Phra Kaew - Bangkok,ACTIVITY
Grassl Likör Fabrikası,ACTIVITY
Guggenheim,HIGHLIGHT
Guggenheim Müzesi - Bilbao,ACTIVITY
Guggenheim Müzesi Gezisi,ACTIVITY
Guggenheim Müzesi Restoranı - Bilbao,RESTAURANT
Gustav Kitchen & Bar,RESTAURANT
GÜNEY AFRİKA TURU 07 – 16 ARALIK,TRIP
GÜNEY AFRİKA TURU 19 ARALIK 2025 – 3 OCAK 2026,TRIP
Göl kenarında özel yemek,RESTAURANT
Göreme Açık Hava Müzesi,ACTIVITY
Güllü Konak,HOTEL
Güney Afrika,COUNTRY
Güney Afrika,HIGHLIGHT
Güney Afrika 14-21 Kasım 2018,TRIP
Güney Afrika 22-30 Ocak,TRIP
Güney Afrika Gezisi - Tanju Kaya,TRIP
Güney Afrika Ulusal Müzesi (İziko),ACTIVITY
Güney Afrika içi araç kiralama ve transferler,TRANSPORT
Güney Afrika içi transferler,TRANSPORT
Güney Afrika'nın İlk Parfüm Müzesi,ACTIVITY
HISTORY,HIGHLIGHT
HOTEL LUMIERE,HOTEL
Ha Long,CITY
Ha Long,HIGHLIGHT
Ha Long (Lan Ha Bay),CITY
Ha Long (Lan Ha Bay) Bhaya özel tekne yolculuğu,ACTIVITY
Ha Long Bhaya Cruise tekne yolculuğu,TRANSPORT
Ha Long Körfezi,HIGHLIGHT
Ha Long Körfezi’nde deniz uçağı ile ulaşım ve Violet Cruise konaklaması,ACTIVITY
"Ha Long Körfezi’nde mağara keşfi, yüzme ve balık avı",ACTIVITY
Ha Long Violet Cruise – deniz ürünleri ve geleneksel Vietnam mutfağı,RESTAURANT
Hadrian Tapınağı,ACTIVITY
Hahndorf,CITY
Hakkasan Abu Dhabi,RESTAURANT
Hakone,CITY
Hakone Açık Hava Müzesi,ACTIVITY
Hakone Açık Hava Müzesi ziyareti,ACTIVITY
Hakone Teleferiği,ACTIVITY
Hali Country Hotel,HOTEL
Hallstatt,CITY
Hallstatt Gezisi,ACTIVITY
Halong,CITY
Halong,HIGHLIGHT
Halong Bay tekne turu,ACTIVITY
Hamel Sokağı ziyareti,ACTIVITY
Hanoi,CITY
Hanoi,HIGHLIGHT
Hanoi By Night turu,ACTIVITY
Hanoi şehir turu,ACTIVITY
"Hanoi şehir turu: Ho Chi Minh Mozolesi, Başkanlık Sarayı, Tek Sütunlu Pagoda, Edebiyat Tapınağı",ACTIVITY
"Hanoi şehir turu: Ho Chi Minh Mozolesi, kazık ev, Tek Sütunlu Pagoda, Edebiyat Tapınağı",ACTIVITY
"Hanoi şehir turu: Opera Binası, Edebiyat Tapınağı, Etnoloji Müzesi, Eski Mahalle",ACTIVITY
Hanoi – Ha Long deniz uçağı,TRANSPORT
Hanoi – Ha Long kara transferi,TRANSPORT
"Hanoi – Ho Chi Minh uçuşu (VN253, Vietnam Havayolları)",TRANSPORT
Hanoi – Nha Trang uçuşu,TRANSPORT
Hanoi – Saigon uçuşu,TRANSPORT
Hanoi’de pedallı taksi (rikşov) gezisi,ACTIVITY
Harabeler Parkı - Rio,ACTIVITY
Harads,CITY
Harbour House Restaurant - Kalk Bay,RESTAURANT
Havalimanı ve şehir içi transferler,TRANSPORT
Havalimanı – Bairro Alto Hotel transfer,TRANSPORT
Havana,CITY
Havana,HIGHLIGHT
Havana - Cancun 8-19 Temmuz 2022,TRIP
"Havana Eski Kenti, Malecon Bulvarı, Devrim Meydanı, Colomb Mezarlığı ve Morro Kalesi gezisi",ACTIVITY
Havana şehir turu,ACTIVITY
"Havana şehir turu (Eski Kent, Malecon, Devrim Meydanı, Colomb Mezarlığı, Miramar)",ACTIVITY
Hawa Mahal,ACTIVITY
Hayward Gallery ziyareti,ACTIVITY
Hector Pieterson Müzesi ziyareti,ACTIVITY
Hemingway’in La Finca evi ziyareti,ACTIVITY
Henningsvær,CITY
Henningsvær,HIGHLIGHT
Henningsvær gezisi,ACTIVITY
High Dam,ACTIVITY
Hindistan,COUNTRY
Hindistan,HIGHLIGHT
Hindistan 2024 Maide Cebi,TRIP
Hindistan Gezisi,TRIP
Hindistan Gezisi - Berrin Zorlu,TRIP
Hindistan Kapısı,ACTIVITY
Hindistan içi transferler ve uçuşlar,TRANSPORT
Hindistan içi uçuşlar ve transferler,TRANSPORT
Hindistan içi özel araç transferleri,TRANSPORT
Ho Chi Minh,CITY
Ho Chi Minh,HIGHLIGHT
Ho Chi Minh (Saygon),CITY
Ho Chi Minh City,CITY
Ho Chi Minh City,HIGHLIGHT
Ho Chi Minh City şehir turu,ACTIVITY
Ho Chi Minh Mozolesi,HIGHLIGHT
Ho Chi Minh içi Vespa ve araç transferleri,TRANSPORT
"Ho Chi Minh şehir turu: China Town, Thien Hau Tapınağı, Notre Dame Katedrali, Posta Merkezi, Belediye Tiyatrosu",ACTIVITY
"Ho Chi Minh şehir turu: Reunification Palace, War Remnants Museum, Cho Lon, Thien Hau Tapınağı, Notre Dame Katedrali, Posta Merkezi, Belediye Tiyatrosu",ACTIVITY
Ho Chi Minh – Phnom Penh kara/air transferi,TRANSPORT
Ho Chi Minh – Siem Reap uçuşu (Cambodia Angkor Air K6809),TRANSPORT
Hobart,CITY
Hobart - Adelaide İç Hat Uçuşu,TRANSPORT
Hodri Meydan Kulesi,ACTIVITY
Hohenstaufen Kalesi,ACTIVITY
Hoi An,CITY
Hoi An,HIGHLIGHT
Hoi An yürüyüş turu,ACTIVITY
Hondarribia,CITY
Hondarribia Eski Şehir ve Surlar,ACTIVITY
Hong Kong,CITY
Hong Kong,HIGHLIGHT
Hong Kong Miras Müzesi,ACTIVITY
Hospices de Beaune (Hôtel-Dieu),ACTIVITY
Hotel Ai Cavalieri,HOTEL
Hotel Bauer Palazzo,HOTEL
Hotel Bristol,HOTEL
Hotel Cerretani Firenze – Mgallery,HOTEL
Hotel De Orangerie,HOTEL
Hotel Du Palais Biarritz,HOTEL
Hotel Du Palais Biarritz - Le Sunset,RESTAURANT
Hotel Dukes' Palace,HOTEL
Hotel Goldener Hirsch,HOTEL
Hotel Heritage Relais Chateau,HOTEL
Hotel Luxury King Mountain Room,HOTEL
Hotel Manzana Kempinski,HOTEL
Hotel Maria Cristina,HOTEL
Hotel Metropole Taormina,HOTEL
Hotel Rosas,HOTEL
Hotel Rufolo,HOTEL
Hotel Tokyo Deluxe Double,HOTEL
Hotel Van Cleef,HOTEL
Hotel Villa Favorita,HOTEL
Hotel Zenit Convento San Martín,HOTEL
Hotel de Londres y de Inglaterra,HOTEL
Hotel des Arts Saigon,HOTEL
Hout Bay & Seal Island,ACTIVITY
Huguenot Anıt Müzesi,ACTIVITY
Humayun’un Mezarı,ACTIVITY
Humayun’un Türbesi ziyareti,ACTIVITY
Husky Safari,ACTIVITY
Husky Safari,HIGHLIGHT
Hyde Park,ACTIVITY
Hyde Park Barracks - Sydney,ACTIVITY
Hôtel-Dieu - Cluny,ACTIVITY
ICEHOTEL,HOTEL
ISTANBUL,CITY
ISTANBUL & CAPPADOCIA 2023,TRIP
ISTANBUL CLASSICS 2024,TRIP
ISTANBUL HERITAGE WEEKEND 2025,TRIP
ITALY,COUNTRY
ITALY CLASSICS 2024,TRIP
Ice Cave,ACTIVITY
Ice Restaurant,RESTAURANT
Iglesia de Santa Lucía,ACTIVITY
Igloo,HIGHLIGHT
Iguazu,CITY
Iguazú Milli Parkı,ACTIVITY
Iguazú Şelaleleri,ACTIVITY
Iguazú Şelaleleri,HIGHLIGHT
Iguazú Şelaleleri Milli Parkı,ACTIVITY
Igueldo Tepesi - San Sebastián,ACTIVITY
Ihlara Vadisi,ACTIVITY
Il Cortile Ristorante Pizzeria,RESTAURANT
Il Pio Monte della Misericordia,ACTIVITY
Il Salumaio di Montenapoleone,RESTAURANT
Indigo 6E7348,TRANSPORT
Inle Gölü gezisi,ACTIVITY
Inle Lake,CITY
Inle Lake,HIGHLIGHT
Intercontinental Danang,HOTEL
Intercontinental Hotel Wellington,HOTEL
Inverness,CITY
Inverness Kalesi,ACTIVITY
Inverness Müzesi ve Sanat Galerisi,ACTIVITY
Ise Shima,CITY
Ise Shima bölgesi gezisi,ACTIVITY
Ixi’im,RESTAURANT
Izakaya Bar & Terrace,RESTAURANT
Iziko Güney Afrika Müzesi ve Planetaryum,ACTIVITY
Iziko Müzesi ziyareti,ACTIVITY
JAPAN,COUNTRY
JAPONYA TURU 19 HAZİRAN – 5 TEMMUZ 2025,TRIP
JAPONYA TURU 6 – 13 NİSAN 2024 (SAFFET EMRE),TRIP
JR,TRANSPORT
JW Marriott Gold Coast Resort & Spa,HOTEL
JW Marriott Hotel Singapore South Beach,HOTEL
Jaipur,CITY
Jaipur,HIGHLIGHT
Jaipur Amber Kalesi ziyareti,ACTIVITY
Jaipur City Palace gezisi,ACTIVITY
Jaipur City Palace ziyareti,ACTIVITY
Jaipur şehir turu,ACTIVITY
Jama Mescidi,ACTIVITY
James Turrell enstalasyonu ziyareti,ACTIVITY
Jantar Mantar,ACTIVITY
Japonya,COUNTRY
Japonya,HIGHLIGHT
Japonya 12 - 21 Ekim 2024,TRIP
Japonya içi transferler,TRANSPORT
Jardin Majorelle Bahçeleri gezisi,ACTIVITY
Joan Miró Vakfı ziyareti,ACTIVITY
Jodhpur,CITY
Jodhpur,HIGHLIGHT
Jodhpur Mehrangarh Kalesi gezisi,ACTIVITY
Jodhpur Mehrangarh Kalesi ziyareti,ACTIVITY
Johannesburg,CITY
Johannesburg,HIGHLIGHT
Johannesburg şehir turu,ACTIVITY
Johannesburg – Sabi Sabi özel uçuşu (Federal Havayolları),TRANSPORT
Jordi Bernadó Atölye ziyareti,ACTIVITY
Jose Fuster’in sanat mahallesi ziyareti,ACTIVITY
Jukkasjärvi,CITY
Jules Verne - 2 Ladies - Japan - March 2024,TRIP
Jökulsárlón Glacier Lagoon,ACTIVITY
KINKAKUJI TEMPLE,ACTIVITY
KIYOMIZU DERA,ACTIVITY
KONYALI RESTAURANT,RESTAURANT
KYOTO,CITY
KYOTO TEMPLES 2025,TRIP
Kaamos Hotel,HOTEL
Kahire,CITY
Kahire,HIGHLIGHT
Kahire Gezisi,TRIP
Kahire Havalimanı – otel transferi,TRANSPORT
Kahire şehir gezisi,ACTIVITY
Kale,HIGHLIGHT
Kalemegdan,ACTIVITY
Kalemegdan Restaurant,RESTAURANT
Kalido,RESTAURANT
Kamboçya,COUNTRY
Kamboçya,HIGHLIGHT
Kampa Park,HIGHLIGHT
"Kampa Park Restaurant (Na Kampě 8b, Prag)",RESTAURANT
Kapadokya,CITY
Kar Ayakkabısı Yürüyüşü,ACTIVITY
Kar Bisikleti Turu,ACTIVITY
Kar Mobili Safarisi,ACTIVITY
Karaköy,ACTIVITY
Karen Blixen Müzesi ziyareti,ACTIVITY
Karlofca,CITY
Karlofca Gezisi,ACTIVITY
Karlovy Vary,CITY
Karlovy Vary,HIGHLIGHT
Karlovy Vary gezisi,ACTIVITY
Karlovy Vary ve Cesky Krumlov kara transferleri,TRANSPORT
Karnak Tapınağı,ACTIVITY
Kashi Vishwanath Tapınağı,ACTIVITY
Kasuga Taisha,ACTIVITY
Kasımiye Medresesi ziyareti,ACTIVITY
Katanya,CITY
Katanya – Taormina transferi,TRANSPORT
Katedral,HIGHLIGHT
Katedraller,HIGHLIGHT
Katmandu,CITY
Katmandu,HIGHLIGHT
Katmandu - Paro Uçuşu,TRANSPORT
Kayaking özel turu,ACTIVITY
Kaymaklı Yeraltı Şehri,ACTIVITY
Kenya,COUNTRY
Kenya,HIGHLIGHT
Kenya & Rwanda Safari Gezisi,TRIP
Kenya Safari Gezisi - Şule Zorlu,TRIP
Kenya içi transferler,TRANSPORT
Kerid Crater Lake,ACTIVITY
Key Museum,ACTIVITY
Keşlik Manastırı,ACTIVITY
Khan El Khalili Çarşısı,ACTIVITY
Khufu Piramidi,ACTIVITY
Kicksled Deneyimi,ACTIVITY
Kigali,CITY
Kigali,HIGHLIGHT
Kigali Kara Transferi,TRANSPORT
Kigali Şehir Turu,ACTIVITY
Kimberley,CITY
Kimberley Diamond Mine & Big Hole,ACTIVITY
Kinkaku-ji,ACTIVITY
Kirstenbosch Ulusal Botanik Bahçesi,ACTIVITY
Kirstenbosch Ulusal Botanik Bahçesi gezisi,ACTIVITY
Kiyomizu Tapınağı,ACTIVITY
Ki’ol,RESTAURANT
Kobe,CITY
Kolombiya,COUNTRY
Kolombiya,HIGHLIGHT
Kolombiya - Peru 2024,TRIP
Kolombiya ve Peru iç hat uçuşları,TRANSPORT
Kolonyal Mimari,HIGHLIGHT
Kom Ombo Tapınağı,ACTIVITY
Kopenhag,CITY
Koral Restaurant,RESTAURANT
Kota Restaurant,RESTAURANT
Kowloon Turu,ACTIVITY
Kruger,CITY
"Kruger Mpumalanga – Cape Town uçuşu (SA8664, South African Airways)",TRANSPORT
Kukulkan Piramidi,ACTIVITY
Kursaal Oditoryumu - San Sebastián,ACTIVITY
Kuzey Işıkları,HIGHLIGHT
Kuşadası,CITY
Kyoto,CITY
Kyoto,HIGHLIGHT
Kyoto şehir turu,ACTIVITY
Köy Gezisi,HIGHLIGHT
Köyler arası özel araç transferleri,TRANSPORT
Küba,COUNTRY
Küba,HIGHLIGHT
Küba Gezisi 2022,TRIP
Küba içi transferler,TRANSPORT
Küba sokaklarında klasik Amerikan arabalarıyla gezi,ACTIVITY
Kültür,HIGHLIGHT
Kültür Sokağı ve Uçurtma Atölyesi gezisi,ACTIVITY
Kültürel ve alışveriş aktiviteleri,ACTIVITY
Kızaklı Sandalye,ACTIVITY
Kızıl Vadi,ACTIVITY
Kış,SEASON
L'Isle-sur-la-Sorgue,CITY
L'Isle-sur-la-Sorgue Gezisi,ACTIVITY
LAPLAND TURU 19 – 24 OCAK,TRIP
LATAM Airlines LA3290 Rio - Iguazú,TRANSPORT
LE BISTRO,RESTAURANT
LEG1,CITY
LEG2,CITY
LEON DE BRUXELLES,RESTAURANT
LOIRE TURU 20 – 23 NİSAN,TRIP
LONDON,CITY
LONDON ARCHITECTURE TOUR 2024,TRIP
LONDON EYE,ACTIVITY
LONDON HIGHLIGHTS 2024,TRIP
LOUVRE MUSEUM,ACTIVITY
LUMA Müzesi,ACTIVITY
La Boca,ACTIVITY
La Boca Semti,ACTIVITY
La Bretxa Food Market - San Sebastián,ACTIVITY
La Cabrera Restaurant,RESTAURANT
La Canchanchara,RESTAURANT
La Cantine Beach,RESTAURANT
La Caravella,RESTAURANT
La Casa de Salvador Dalí - Port Lligat gezisi,ACTIVITY
La Concha Plajı,ACTIVITY
La Concha Plajı - San Sebastián,ACTIVITY
La Luma Drum Cafe,RESTAURANT
La Motte Şarap Tadımı,ACTIVITY
La Pepita Tapas Bar,RESTAURANT
La Rambla,ACTIVITY
La Sagrada Familia,ACTIVITY
La Taula Gallici's Gourmet Restaurant,RESTAURANT
Lacquer ware atölyesi ziyareti,ACTIVITY
Lam Tsuen Dilek Ağacı - Hong Kong,ACTIVITY
Lamborghini,HIGHLIGHT
Lamborghini Müzesi gezisi,ACTIVITY
Lan Ha Bay,HIGHLIGHT
Lantau Adası Turu,ACTIVITY
Lapland,HIGHLIGHT
Lapland Rovaniemi Gezisi,TRIP
Las Granadas Kapısı,ACTIVITY
Latomie - Siracusa,ACTIVITY
Laxmi Narayan Tapınağı,ACTIVITY
Leblon Plajı,ACTIVITY
Lebua at State Tower Hotel,HOTEL
Lecce,CITY
Lecce,HIGHLIGHT
Lecce Şehir Gezisi,ACTIVITY
Lee Ufan Müzesi,ACTIVITY
Lello Kütüphanesi,ACTIVITY
Les Archives du Coeur,ACTIVITY
Les Baux-de-Provence,CITY
Les Baux-de-Provence Gezisi,ACTIVITY
Les Deux Garçons,RESTAURANT
Les Deux Garçons’da kahve molası,ACTIVITY
Liberdade Meydanı,ACTIVITY
Lima,CITY
Lima,HIGHLIGHT
Lima Havalimanı – otel transferi,TRANSPORT
Lima şehir turu,ACTIVITY
Lima şehir turu (Plaza Mayor ve tarihi merkez),ACTIVITY
Livingstone,CITY
Lizbon,CITY
Lizbon,HIGHLIGHT
Lizbon Seyahat Programı - SAHA,TRIP
Loch Ness,ACTIVITY
Locorotondo,CITY
Locorotondo Şehir Gezisi,ACTIVITY
Lodge Transferleri,TRANSPORT
Lofoten,HIGHLIGHT
Lofoten Fiskerestaurant,RESTAURANT
Lofoten Islands - Version 2.0,TRIP
Loire,CITY
Loire Vadisi Balon Turu,ACTIVITY
Loire Vadisi Şarap Bağları,ACTIVITY
Londra,CITY
Londra,HIGHLIGHT
Londra içi transferler,TRANSPORT
"Londra – New York uçuşu (BA175, British Airways)",TRANSPORT
Los Angeles,CITY
Los Angeles,HIGHLIGHT
Los Angeles Havalimanı – otel transferi,TRANSPORT
"Louvre Museum, Abu Dhabi",ACTIVITY
Luxor,CITY
Luxor East Bank Gezisi,ACTIVITY
Luxor Tapınağı,ACTIVITY
L’Isle-sur-la-Sorgue,CITY
L’Isle-sur-la-Sorgue Gezisi,ACTIVITY
MACBA - Museu d’Art Contemporani de Barcelona ziyareti,ACTIVITY
MALDİVLER TURU 08 – 15 OCAK 2024,TRIP
MAP Barcelona Çağdaş Sanat Gezisi 2023,TRIP
MAP Provence Program 31 Mart - 3 Nisan 2023,TRIP
MAP Venedik Bienali 2022,TRIP
MARAIS HOTEL,HOTEL
MAT Museum - Noto,ACTIVITY
MEIJI SHRINE,ACTIVITY
METRO,TRANSPORT
MEZE HOUSE,RESTAURANT
MIDTOWN HOTEL,HOTEL
MIDTOWN INN,HOTEL
MISIR TURU 20 – 25 NİSAN 2024,TRIP
MONTMARTRE WALK,ACTIVITY
MUSEUMS,HIGHLIGHT
MUSÉE D'ORSAY,ACTIVITY
Macau,CITY
Macau,HIGHLIGHT
Macau - Hong Kong Feribot,TRANSPORT
Macau Casinoları,ACTIVITY
Macau Kulesi,ACTIVITY
Macau Müzesi,ACTIVITY
Macau Şarap Müzesi,ACTIVITY
Machiya deneyimi,ACTIVITY
Machu Picchu,CITY
Machu Picchu,HIGHLIGHT
Machu Picchu gezisi,ACTIVITY
Machu Picchu ziyareti,ACTIVITY
Macquarie Caddesi,ACTIVITY
Macuco Safarisi,ACTIVITY
Madaba,CITY
Madaba,HIGHLIGHT
Magdalena Adası,ACTIVITY
Magdalena Adası,CITY
Maison Albar Hotels Le Monumental Palace,HOTEL
Malaga,CITY
Malaga – Granada transferi,TRANSPORT
Maldivler,CITY
Maldivler,COUNTRY
Malgaca Pazarı,ACTIVITY
Malkorbe Plajı - Getaria,ACTIVITY
Malta,COUNTRY
Malta,HIGHLIGHT
Mandalay,CITY
Mandalay,HIGHLIGHT
Mandalay gezisi,ACTIVITY
Mandarin Oriental,HIGHLIGHT
"Mandarin Oriental, Bangkok",HOTEL
Maniace Kalesi,ACTIVITY
Maná 75,RESTAURANT
Marakeş 21-25 Haziran 2023,TRIP
Marakeş şehir gezisi,ACTIVITY
Marataba,CITY
Marataba Safari Lodge,HOTEL
Mardin,CITY
Mardin,HIGHLIGHT
Mardin 13-15 Ekim 2023,TRIP
Mardin içi transferler,TRANSPORT
Mardin şehir turu,ACTIVITY
Maria Luisa Parkı,ACTIVITY
Marisqueira A Antiga,RESTAURANT
Marrakech,CITY
Marrakech,HIGHLIGHT
Marriott Mena House Hotel,HOTEL
Marsilya,CITY
Marsilya,HIGHLIGHT
Marsilya Havalimanı – Provence transferi,TRANSPORT
Masa Dağı,ACTIVITY
Masa Dağı,HIGHLIGHT
Masa Dağı (Table Mountain),ACTIVITY
Masai Mara,CITY
Masai Mara,HIGHLIGHT
Masai Mara Safari,ACTIVITY
Masai Mara’da safari ve game drive aktiviteleri,ACTIVITY
Matera,CITY
Matera,HIGHLIGHT
Matera Gezisi,ACTIVITY
Matera Kaya Evleri,ACTIVITY
Matera Kiliseleri ve Mağaraları,ACTIVITY
Matjiesfontein Köyü,ACTIVITY
May de Cuisine,HIGHLIGHT
May de Cuisine Restaurant (Hanoi),RESTAURANT
Maya,HIGHLIGHT
Mdina,CITY
Mdina şehir turu,ACTIVITY
Meiji Shrine,ACTIVITY
Meiji Tapınağı,ACTIVITY
Mekong Deltası,CITY
Mekong Deltası,HIGHLIGHT
Mekong Deltası bot turu,TRANSPORT
"Mekong Deltası bot turu, tropik meyve bahçeleri, noodle yapımı",ACTIVITY
"Mekong Deltası gezisi: bot turları, noodle yapımı, meyve bahçeleri, yerel aile ziyareti",ACTIVITY
Mekong Deltası – nehir kenarında restoran,RESTAURANT
Mekong Deltası’nda bot ve rikşov gezileri,TRANSPORT
Mekong Nehri Tekne Gezisi,ACTIVITY
Meksika,COUNTRY
Meksika,HIGHLIGHT
Meksika 06-16 Aralık 2023,TRIP
Meksika Gezisi,TRIP
Meksika içi transferler,TRANSPORT
Melbourne,CITY
Melbourne,HIGHLIGHT
Melbourne - Hobart İç Hat Uçuşu,TRANSPORT
Melbourne Müzesi,ACTIVITY
Mendi Family - Kenya 25-29 Aralık,TRIP
Merendero de la Mar,RESTAURANT
Merkez Postane,ACTIVITY
Metropol Palace Hotel,HOTEL
Mevzun Vietnam Kamboçya 2016,TRIP
Mevzun Çifçi Hindistan 2024,TRIP
Mewar Terrace,RESTAURANT
Mexico City,CITY
Mexico City,HIGHLIGHT
Mexico City şehir turu,ACTIVITY
Mezquita,HIGHLIGHT
Mezquita Camii - Córdoba,ACTIVITY
Midnight Sun Safari,ACTIVITY
Midyat,CITY
Midyat,HIGHLIGHT
Midyat Devlet Konukevi ve Gümüşçüler Çarşısı ziyareti,ACTIVITY
Midyat şehir turu,ACTIVITY
Milano,CITY
Mine Bahadır Japonya - Tayland Programı,TRIP
Mirabeau Caddesi’nde gezinti,ACTIVITY
Mirabel Sarayı ve Bahçesi,ACTIVITY
Miramar Sarayı - San Sebastián,ACTIVITY
Mitsui Garden Hotel,HOTEL
Mitsui Garden Hotel Premier Jingu-Gaien,HOTEL
Miyashita Park,ACTIVITY
Modern Mimari,HIGHLIGHT
Modica,CITY
Modica ve Ragusa turları,ACTIVITY
Monkey Park Iwatayama,ACTIVITY
Monopoli,CITY
Monopoli Gezisi,ACTIVITY
Monopoli Tarihi Merkezi,ACTIVITY
Montalcino,CITY
Montalcino,HIGHLIGHT
Montalcino’da şarap tadımı,ACTIVITY
Monte Hisarı,ACTIVITY
Monte Igueldo - San Sebastián,ACTIVITY
Monte Urgull - San Sebastián,ACTIVITY
MonteRosa Restaurant,RESTAURANT
Montepulciano,CITY
Montepulciano,HIGHLIGHT
Montepulciano şarap bağları turu,ACTIVITY
Montepulciano şarap bağları ve kasaba gezisi,ACTIVITY
Mor Gabriel Manastırı ziyareti,ACTIVITY
Mori Art Museum,ACTIVITY
Mori Sanat Müzesi ve Sky Deck ziyareti,ACTIVITY
Mount Nebo,CITY
Mount Nebo,HIGHLIGHT
Mount Nebo ve Madaba ziyareti,ACTIVITY
Mount Wellington,ACTIVITY
Movenpick Sunray Nile Cruise,HOTEL
Mozart’ın Evi,ACTIVITY
Mrs Macquarie’s Chair,ACTIVITY
Mucem Müzesi ziyareti,ACTIVITY
Mukuni Village Gezisi,ACTIVITY
Mumbai,CITY
Mumbai,HIGHLIGHT
Mumbai şehir turu,ACTIVITY
Munch Müzesi,ACTIVITY
Murat Bilgin 28 Eylül - 9 Ekim 2023 Güney Afrika,TRIP
Museu da Chácara do Céu,ACTIVITY
Museum of Contemporary Art,ACTIVITY
Museum of Yugoslav History,ACTIVITY
Museum of the Future,ACTIVITY
Musevi Mahallesi - Córdoba,ACTIVITY
Muson Sarayı,ACTIVITY
Musée Asiatica - Biarritz,ACTIVITY
Musée des Beaux-Arts - Beaune,ACTIVITY
Musée des Beaux-Arts - Dijon,ACTIVITY
Musée du Vin de Bourgogne,ACTIVITY
Musée d’Art et d’Archéologie - Cluny,ACTIVITY
Myanmar,COUNTRY
Myanmar,HIGHLIGHT
Myanmar 2017 Mevzun Çiftçi,TRIP
Myanmar içi transferler,TRANSPORT
Mérida,CITY
Mérida,HIGHLIGHT
Mérida şehir turu,ACTIVITY
Müze,HIGHLIGHT
Müzeler,HIGHLIGHT
Mısır,COUNTRY
Mısır,HIGHLIGHT
Mısır Gezisi - Hakan Ateş,TRIP
Mısır Müzesi,ACTIVITY
Mısır Müzesi - Eski Müze,ACTIVITY
NATURE,HIGHLIGHT
NEW YORK,CITY
NEW YORK CITY 2024,TRIP
NEW YORK CLASSICS 2024,TRIP
NORTH MACEDONIA,COUNTRY
Naiku ve Geku Shinto tapınakları ziyareti,ACTIVITY
Nairobi,CITY
Nairobi,HIGHLIGHT
Nairobi Havalimanı – Giraffe Manor transferi,TRANSPORT
Nairobi – Masai Mara lodge transferleri,TRANSPORT
Nakamise Alışveriş Caddesi,ACTIVITY
Naoshima,CITY
Naoshima,HIGHLIGHT
Naoshima & Teshima sanat adaları gezisi,ACTIVITY
Napoli,CITY
Napoli,HIGHLIGHT
Napoli Tarihi Merkezi,ACTIVITY
Napoli Şehri Gezisi,ACTIVITY
Nara,CITY
Nara Park,ACTIVITY
Nasrid Sarayı,ACTIVITY
National Art Centre,ACTIVITY
Necati Cumali Anı Evi,ACTIVITY
Neelkamal Restaurant,RESTAURANT
Nehir Kenarı Restoran - Adelaide,RESTAURANT
Nelson Mandela Meydanı gezisi,ACTIVITY
Nepal,COUNTRY
Nepal,HIGHLIGHT
Nesin Matematik Köyü,ACTIVITY
Nevis Bank Inn,HOTEL
Nevis Bank Inn and Browns Restaurant,RESTAURANT
New Year's Eve Celebration - The Restaurant at Address Dubai Mall,ACTIVITY
New York,CITY
New York,HIGHLIGHT
New York havalimanı – otel transferi,TRANSPORT
New York şehir turu (müze ve meydanlar),ACTIVITY
Newport Beach,CITY
Ngoc Son Pagoda ziyareti,ACTIVITY
Nha Trang,CITY
Nha Trang,HIGHLIGHT
Nha Trang sahil tatili ve dinlenme,ACTIVITY
Nha Trang – Saigon uçuşu,TRANSPORT
Nikola Tesla Müzesi,ACTIVITY
Nil Nehri,HIGHLIGHT
Nil Nehri Felucca Tekne Gezisi,ACTIVITY
Nil Nehri Sıcak Hava Balonu,ACTIVITY
Nimb Hotel,HOTEL
Nishiki Pazarı ziyareti,ACTIVITY
Nobu,HIGHLIGHT
Nobu - One&Only Cape Town,RESTAURANT
Nobu Los Angeles,RESTAURANT
Nobu Restaurant - Atlantis the Palm,RESTAURANT
Noel Pazarları,ACTIVITY
Norveç,COUNTRY
Norveç,HIGHLIGHT
Norveç içi transferler,TRANSPORT
Noto,CITY
Noto,HIGHLIGHT
Notre-Dame Kilisesi - Beaune,ACTIVITY
Notre-Dame Kilisesi - Dijon,ACTIVITY
Novi Sad,CITY
Novi Sad Gezisi,ACTIVITY
Nuits-Saint-Georges,CITY
Nuits-Saint-Georges,HIGHLIGHT
OLD TOWN WALK,ACTIVITY
Odeon,ACTIVITY
Okayama,CITY
Old Town,ACTIVITY
Omotesando,ACTIVITY
One&Only Cape Town,HOTEL
Opera Binası,HIGHLIGHT
Opera House,HIGHLIGHT
Ortigia,CITY
Ortigia,HIGHLIGHT
Ortigia Adası,ACTIVITY
Ortigia Meydanı,ACTIVITY
Ortigia Roma Amfi Tiyatrosu,ACTIVITY
Orvieto,CITY
Orvieto Katedrali,ACTIVITY
Orvieto Yer Altı Tünelleri,ACTIVITY
Osaka,CITY
Osaka,HIGHLIGHT
Osaka Kalesi ziyareti,ACTIVITY
Oslo,CITY
Oslo Opera Binası,ACTIVITY
Osteria Enoteca San Marco,RESTAURANT
Osteria Rosso Divino,RESTAURANT
Osteria Rosso Divino (Taormina),RESTAURANT
Osteria delle Tre Panche,RESTAURANT
Ota Memorial Museum of Art,ACTIVITY
"Otel (Ho Chi Minh, ismi belirtilmemiş)",HOTEL
"Otel (Siem Reap, ismi belirtilmemiş)",HOTEL
Owakudani Vadisi,ACTIVITY
Oxford Caddesi,ACTIVITY
PALATINE HILL,ACTIVITY
PARIS,CITY
PARIS CITY BREAK 2024,TRIP
PARIS MUSEUM TOUR 2024,TRIP
PARK GUELL,ACTIVITY
PLANE,TRANSPORT
PROVENCE TURU 4 – 7 MAYIS,TRIP
PUGLIA TURU 07 – 11 EKİM,TRIP
Paddington,ACTIVITY
Pagoda,HIGHLIGHT
Pak Khlong Talat Çiçek Pazarı - Bangkok,ACTIVITY
Palacio de Bellas Artes,ACTIVITY
Palais des Papes ziyareti,ACTIVITY
Palais des ducs de Bourgogne - Dijon,ACTIVITY
Palazzo Ducezio - Noto,ACTIVITY
Palazzo Manfrin,ACTIVITY
Palazzo Nicolaci - Noto,ACTIVITY
Palazzo Reale,ACTIVITY
Palazzo Vecchio,ACTIVITY
Palazzo dei Celestini,ACTIVITY
Palazzo dei Celestini - Lecce,ACTIVITY
Palazzo della Cancelleria,ACTIVITY
Palermo,ACTIVITY
Palermo,CITY
Palermo,HIGHLIGHT
Palermo Soho,ACTIVITY
Palácio da Bolsa,ACTIVITY
Pandeli Restaurant,RESTAURANT
Paradise Luxury Halong,HOTEL
Park Güell,ACTIVITY
Park Güell,HIGHLIGHT
Park Hyatt - Palacio Duhau Hotel,HOTEL
Park Hyatt Saigon,HOTEL
Park Hyatt Sydney,HOTEL
Parlamento ve Hazine Binası - Melbourne,ACTIVITY
Parmesan peyniri tadımı,ACTIVITY
Paro,CITY
Paro,HIGHLIGHT
Parque de Santa Lucía,ACTIVITY
Partal,ACTIVITY
Parte Vieja - San Sebastián,ACTIVITY
Pashupatinath Tapınağı - Katmandu,ACTIVITY
Peggy Guggenheim Müzesi,ACTIVITY
Pelican Hill,HIGHLIGHT
Penguenler,HIGHLIGHT
Peninsula Valdes - Puerto Madryn,ACTIVITY
Pepe Plajı,ACTIVITY
Peppers Blue Water Resort Lake Tekapo,HOTEL
"Personal Structures, Palazzo Bembo sergisi",ACTIVITY
Peru,COUNTRY
Peru,HIGHLIGHT
Peru Gezisi - Seda Soğancıoğlu,TRIP
Peru içi kara ve tren transferleri,TRANSPORT
Petra,CITY
Petra,HIGHLIGHT
Petra Antik Kenti gezisi,ACTIVITY
Phaung Daw Oo Pagoda ziyareti,ACTIVITY
Philae Tapınağı,ACTIVITY
Phnom Penh,CITY
Phnom Penh,HIGHLIGHT
"Phnom Penh şehir turu: Artisan D’Angkor el işi okulu, Phsar Chas çarşısı",ACTIVITY
"Phnom Penh şehir turu: Kraliyet Sarayı, Gümüş Pagoda, Ulusal Müze",ACTIVITY
Phnom Penh – Siem Reap uçuşu,TRANSPORT
Phuket,CITY
Phuket,HIGHLIGHT
Phuket Tarihi Kent Gezisi,ACTIVITY
Phuket ada ve sahil aktiviteleri,ACTIVITY
Phuket sahil tatili,ACTIVITY
Phuket – Bangkok uçuşu,TRANSPORT
Phuket’te Big Buddha ziyareti,ACTIVITY
Piazza Duomo,ACTIVITY
Piazza IX Aprile,ACTIVITY
Piazza Tasso,ACTIVITY
Piazza dei Dogi,ACTIVITY
Piazza del Municipio - Forza d’Agrò,ACTIVITY
Piazza della Signoria,ACTIVITY
Piazza dello Spirito Santo,ACTIVITY
Picasso Müzesi ziyareti,ACTIVITY
Picasso Pavilion,ACTIVITY
Picasso Pavilion sergisi,ACTIVITY
Pichola Gölü,ACTIVITY
Pienza,CITY
Pienza,HIGHLIGHT
Pienza kasabası ziyareti,ACTIVITY
Piramitler,HIGHLIGHT
Pitlochry,CITY
Pizzeria Casa Pinto,RESTAURANT
Place Louis XIV - Saint-Jean-de-Luz,ACTIVITY
Plaj,HIGHLIGHT
Planetarium,ACTIVITY
Plaza Catalunya,ACTIVITY
Plaza Corredera - Córdoba,ACTIVITY
Plaza Dorrego,ACTIVITY
Plaza España,ACTIVITY
Plaza Grande,ACTIVITY
Plaza Manuel Tolsá,ACTIVITY
Plaza de Armas,ACTIVITY
Plaza de Mayo,ACTIVITY
Plaza de Mayo - Buenos Aires,ACTIVITY
Plaza de Toros - Ronda,ACTIVITY
Poble Espanyol gezisi,ACTIVITY
Polanco,ACTIVITY
Polignano a Mare,ACTIVITY
Polignano a Mare,CITY
Polignano a Mare Gezisi,ACTIVITY
Pompei,CITY
Pompei,HIGHLIGHT
Pompei Antik Kenti,ACTIVITY
Pompei Şehri Ziyareti,ACTIVITY
Porta Catania,ACTIVITY
Porta Messina,ACTIVITY
Portekiz,COUNTRY
Portekiz,HIGHLIGHT
Porto,CITY
Porto,HIGHLIGHT
Porto Gezisi,TRIP
Porto Katedrali,ACTIVITY
Potong Restaurant,RESTAURANT
Prado Caddesi ziyareti,ACTIVITY
Prag,CITY
Prag,HIGHLIGHT
"Prag şehir turu: Prag Kalesi, St. Vitus Bazilikası, Altın Yol",ACTIVITY
Prag – şehir içi transferler,TRANSPORT
"Prag, Karlovy Vary & Cesky Krumlov Gezisi - Beril Miskavi",TRIP
Provence,CITY
Provence,HIGHLIGHT
Provence Gezisi - Olgun Zorlu,TRIP
Provence içi transferler,TRANSPORT
Provence manzaraları ve şato ziyareti,ACTIVITY
Puente Nuevo - Ronda,ACTIVITY
Puerto Madryn,CITY
Puerto Madryn,HIGHLIGHT
Puglia,HIGHLIGHT
Puglia Gezisi,TRIP
Pullman Rotorua,HOTEL
Punakha,CITY
Punakha,HIGHLIGHT
Punakha Dzong,HIGHLIGHT
Punakha Dzong - Punakha,ACTIVITY
Quai de l’Infante - Saint-Jean-de-Luz,ACTIVITY
Queenstown,CITY
Queenstown Panoramik Gezisi,ACTIVITY
RIVERBANK HOTEL,HOTEL
ROMA SUITES,HOTEL
ROMAN FORUM,ACTIVITY
ROME,CITY
ROME ANCIENT 2024,TRIP
ROME ANTIQUITY 2024,TRIP
Radisson Blu Hotel Altstadt,HOTEL
Raffles,HIGHLIGHT
Raffles Hotel Le Royal,HOTEL
Ragusa,CITY
Ragusa,HIGHLIGHT
Ragusa Ibla,ACTIVITY
Rakas Restaurant & Bar,RESTAURANT
Rambagh Palace,HOTEL
Ranakpur Jain Tapınakları ziyareti,ACTIVITY
Rancho San Vicente,RESTAURANT
Rancho San Vicente restoranda öğle yemeği,ACTIVITY
Ranthambore,CITY
Ranthambore,HIGHLIGHT
Ranthambore Milli Parkı’nda jeep safari,ACTIVITY
Ranthambore jeep safarileri,TRANSPORT
Ras Al Khaimah,CITY
Ras Al Khaimah,HIGHLIGHT
Ras Al Khaimah – Dubai transferi,TRANSPORT
Ravello,CITY
Ravello - Villa Cimbrone Bahçesi,ACTIVITY
Ravello - Villa Rufolo,ACTIVITY
Realejo Mahallesi,ACTIVITY
Recoleta Mezarlığı,ACTIVITY
Recoleta Semti,ACTIVITY
Regina Lucia Ristorante (Siracusa),RESTAURANT
Rehberli hiking ve çevre gezisi,ACTIVITY
Reindeer Safari,ACTIVITY
Reine,CITY
Reine,HIGHLIGHT
Residenzplatz & DomQuartier,ACTIVITY
Restaurant Arven,RESTAURANT
Restaurant Blaue Gans Salzburg Gasthaus,RESTAURANT
Restaurant L'Oriel,RESTAURANT
Restaurant Normal,RESTAURANT
Restaurant Nyvågar,RESTAURANT
Restaurant POTONG,RESTAURANT
Restaurant Terrazza Danieli,RESTAURANT
Restaurante Amour Blanc,RESTAURANT
Restaurante Ilura,RESTAURANT
Ribeira Bölgesi,ACTIVITY
Rio Restaurant Önerileri,RESTAURANT
Rio de Janeiro,CITY
Rio de Janeiro,HIGHLIGHT
Ristorante Acqua Pazza,RESTAURANT
Ristorante Blunotte,RESTAURANT
Ristorante Da Ivo,RESTAURANT
Ristorante La Cantina,RESTAURANT
Ristorante Storico Sabatini,RESTAURANT
Riverside Pool Villa,HOTEL
Riviera - Four Seasons Hotel Cairo at Nile Plaza,RESTAURANT
Rocpool Restaurant,RESTAURANT
Rojo Tango Gösterisi,ACTIVITY
Roma,CITY
Roma Amfi Tiyatrosu - Lecce,ACTIVITY
Roma Amfi Tiyatrosu - Siracusa,ACTIVITY
Ronda,CITY
Ronda,HIGHLIGHT
Ronda Tarihi Sokakları,ACTIVITY
Ronda gezisi,ACTIVITY
Rosewood Castiglion del Bosco,HIGHLIGHT
Rosewood Castiglion del Bosco,HOTEL
Rotorua,CITY
Roussillon,CITY
Roussillon,HIGHLIGHT
Roussillon Gezisi,ACTIVITY
Roussillon ve Gordes gezisi,ACTIVITY
Rovaniemi,CITY
Rovaniemi,HIGHLIGHT
Royal Barge Ulusal Müzesi - Bangkok,ACTIVITY
Royal Compound,ACTIVITY
Royal Exhibition Binası - Melbourne,ACTIVITY
Royal Livingstone Victoria Falls Zambia Hotel by Anantara,HOTEL
Ruanda,COUNTRY
Ruanda,HIGHLIGHT
Rue Gambetta - Saint-Jean-de-Luz,ACTIVITY
Rue Mazarin - Saint-Jean-de-Luz,ACTIVITY
Rue de la Liberté - Dijon,ACTIVITY
SAGRADA FAMILIA,ACTIVITY
SAHA,HIGHLIGHT
SALZBURG TURU 20 – 25 ARALIK,TRIP
SENSOJI TEMPLE,ACTIVITY
SHAKE SHACK,RESTAURANT
SHIBUYA CROSSING,ACTIVITY
SHIBUYA HOTEL,HOTEL
SHUTTLE,TRANSPORT
SOFIA OLD TOWN,ACTIVITY
SOUTHBANK HOTEL,HOTEL
SPAIN,COUNTRY
ST. MARK'S SQUARE,ACTIVITY
STATUE OF LIBERTY,ACTIVITY
SUBWAY,TRANSPORT
SULTANAHMET INN,HOTEL
SUMMER EUROPE 2024,TRIP
SUMMER EUROPE 2025,TRIP
SUMMER GREECE 2025,TRIP
SUNRISE VIEWPOINT,ACTIVITY
SUSHI BAR,RESTAURANT
Sabah Safari,ACTIVITY
Sabah ve Akşam Safarileri,ACTIVITY
Sabah ve akşam safarileri,ACTIVITY
Sabah ve akşam safarileri (Sabi Sand Game Reserve),ACTIVITY
Sabi Sabi,CITY
Sabi Sabi,HIGHLIGHT
Sabi Sabi Game Reserve Lodge,HOTEL
Sabi Sabi Little Bush Camp,HOTEL
Sabi Sabi’de sabah ve akşam safari turları,ACTIVITY
Sabi Sand,CITY
Sacred Valley,CITY
Sacred Valley,HIGHLIGHT
Sacred Valley gezisi,ACTIVITY
Safari,HIGHLIGHT
Sagrada Familia,ACTIVITY
Sagrada Familia,HIGHLIGHT
Saigon,CITY
Saigon,HIGHLIGHT
Saigon aktarmalı Bangkok dönüş uçuşu,TRANSPORT
Saigon şehir turu,ACTIVITY
Saigon – Bangkok uçuşu,TRANSPORT
Saint Jean De Luz,CITY
Saint Jean De Luz Gezisi,ACTIVITY
Saint Nicholas Bazilikası,ACTIVITY
Saint-Baudèle Kilisesi,ACTIVITY
Saint-Bénigne Katedrali - Dijon,ACTIVITY
Saint-Flocel Kilisesi,ACTIVITY
Saint-Jean-de-Luz,CITY
Saint-Jean-de-Luz,HIGHLIGHT
Saint-Jean-de-Luz Plajları,ACTIVITY
Saint-Martin de l’Aigue Kilisesi,ACTIVITY
Saint-Michel Kilisesi - Dijon,ACTIVITY
Saint-Paul de Mausole ziyareti,ACTIVITY
Saint-Philibert Kilisesi - Dijon,ACTIVITY
Saint-Remy-de-Provence,CITY
Saint-Rémy-de-Provence,CITY
Saint-Rémy-de-Provence Gezisi,ACTIVITY
Sainte-Madeleine Kilisesi,ACTIVITY
Sakıp Sabancı Müzesi ziyareti,ACTIVITY
Sala Rattanakosin Restaurant,RESTAURANT
Sala’s Camp,HOTEL
Sala’s Camp konaklamasında vahşi yaşam deneyimleri,ACTIVITY
Salzberg Dağı & Tuz Madeni Ziyareti,ACTIVITY
Salzbergwerk Berchtesgaden,ACTIVITY
Salzburg,CITY
Salzburg Kalesi,ACTIVITY
San Casciano Val di Pesa,CITY
San Casciano Val di Pesa,HIGHLIGHT
San Casciano Val di Pesa kasabası ziyareti,ACTIVITY
San Gimignano,CITY
San Gimignano,HIGHLIGHT
San Gimignano UNESCO Dünya Mirası,ACTIVITY
San Gimignano gezisi,ACTIVITY
San Gimignano kasabası gezisi,ACTIVITY
San Giuseppe Kilisesi,ACTIVITY
San Giuseppe Kilisesi - Lecce,ACTIVITY
San Ildefonso Katedrali,ACTIVITY
San Ildefonso Katedrali ziyareti,ACTIVITY
San Sabino Katedrali,ACTIVITY
San Sebastian,CITY
San Sebastian Şehir Gezisi,ACTIVITY
San Sebastián,CITY
San Sebastián,HIGHLIGHT
San Sebastián ve Bask Bölgesi Gezisi (Can Özdemir),TRIP
San Sebastián Şehir Gezisi,ACTIVITY
San Telmo,ACTIVITY
San Telmo Müzesi - San Sebastián,ACTIVITY
San Telmo Semti,ACTIVITY
Sanat,HIGHLIGHT
Sanat Galerileri - Saint-Jean-de-Luz,ACTIVITY
Sanat Galerisi - Melbourne,ACTIVITY
Sanat Programı,HIGHLIGHT
Sanat atölyeleri ve butik mağazalar,ACTIVITY
Sanctuary Olonana,HOTEL
Sanctuary Olonana’da doğa aktiviteleri ve safari,ACTIVITY
Sant'Oronzo Meydanı,ACTIVITY
Santa Catarina Caddesi,ACTIVITY
Santa Clara,CITY
Santa Clara,HIGHLIGHT
Santa Clara gezisi ve Che Guevara Anıt Mezarı ziyareti,ACTIVITY
Santa Claus Village,HIGHLIGHT
Santa Claus Village Gezisi,ACTIVITY
Santa Croce Bazilikası,ACTIVITY
Santa Croce Bazilikası - Lecce,ACTIVITY
Santa Maria del Fiore Katedrali,ACTIVITY
Santa Maria dello Spasimo Kilisesi,ACTIVITY
Santa Teresa Semti - Rio,ACTIVITY
Santa’s Igloos Arctic Circle,HOTEL
Santiago,CITY
Santiago Katedrali,ACTIVITY
Sant’Oronzo Meydanı - Lecce,ACTIVITY
Sao Conrado Plajı,ACTIVITY
Saray,HIGHLIGHT
Sarnath,ACTIVITY
Satyricon Restaurant,RESTAURANT
Savoca,CITY
Savoca köyü gezisi,ACTIVITY
Sea Eagle RIB Boat Safari,ACTIVITY
Seal Bay Conservation Park,ACTIVITY
Seasgair Hotel,HOTEL
Sedile Dominova,ACTIVITY
Selime Köyü,ACTIVITY
Senado Meydanı,ACTIVITY
Senglea,CITY
"Senglea, Vittoriosa ve Cospicua üçlü gezisi",ACTIVITY
Senso-ji Tapınağı,ACTIVITY
Senso-ji Tapınağı ve Nakamise alışveriş caddesi ziyareti,ACTIVITY
Serengeti,CITY
Serengeti Ulusal Parkı Safari,ACTIVITY
Serralves Müzesi,ACTIVITY
Sevilla,CITY
Sevilla,HIGHLIGHT
Sevilla Katedrali,ACTIVITY
Sevilla şehir turu,ACTIVITY
Sfenks,ACTIVITY
Sfenks,HIGHLIGHT
Sfenks ziyareti,ACTIVITY
Shibuya Sky,ACTIVITY
Shinjuku Gyoen Park,ACTIVITY
Shwedagon Pagoda ziyareti,ACTIVITY
Sicilya,HIGHLIGHT
Sicilya & Malta Gezisi,TRIP
Sicilya Gezisi,TRIP
Siem Reap,CITY
Siem Reap,HIGHLIGHT
"Siem Reap (Angkor) gezisi: Angkor Thom, Bayon Tapınağı, Baphuon, Kraliyet Sarayı, Fil Terası",ACTIVITY
Siem Reap Angkor Wat ziyareti,ACTIVITY
"Siem Reap – Bangkok uçuşu (PG914, Bangkok Airways)",TRANSPORT
"Siem Reap’te Angkor Wat, Angkor Thom, Bayon ve Ta Prohm gezileri",ACTIVITY
Siena,CITY
Siena,HIGHLIGHT
Siena Şehir Merkezi,ACTIVITY
Siena şehir turu,ACTIVITY
Singapore,CITY
Singapur,COUNTRY
Singita Lodge,HOTEL
Singita Sasakawa Lodge,HOTEL
Siracusa,CITY
Siracusa,HIGHLIGHT
Siracusa Arkeoloji Parkı,ACTIVITY
Siracusa ve Noto ziyaretleri,ACTIVITY
Six Bridges Tekne Turu,ACTIVITY
Skaftafell National Park,ACTIVITY
Snowmobile Safari,ACTIVITY
Sofitel Legend Metropole (Hanoi),HOTEL
Sofitel Legend Metropole Hanoi,HOTEL
Sokullu Mehmet Paşa Çeşmesi,ACTIVITY
Solferino Restaurant,RESTAURANT
Sonbahar,SEASON
Sorakuen Bahçesi ve Kobe eski yerleşim yeri gezisi,ACTIVITY
Sorrento,CITY
Sorrento Gezisi,ACTIVITY
Sorrento Peninsula Arkeoloji Müzesi,ACTIVITY
Soweto,CITY
Soweto gezisi ve Nelson Mandela’nın Evi ziyareti,ACTIVITY
Soğanlı Vadisi,ACTIVITY
Spice Route,RESTAURANT
Square Nine Hotel,HOTEL
St Wolfgang,CITY
St. Andrews Katedrali,ACTIVITY
St. Mary Katedrali,ACTIVITY
Stambol Kapısı,ACTIVITY
Stellenbosch,CITY
Stellenbosch,HIGHLIGHT
Stellenbosch Vadisi Şarap Bağları,ACTIVITY
Stellenbosch Şarap Evleri,ACTIVITY
Stellenbosch şarap bağları gezisi,ACTIVITY
Stellenbosch şarap bağları turu,ACTIVITY
Strada delle Orecchiette,ACTIVITY
Strathisla Distillery,ACTIVITY
Sugar Loaf Dağı,ACTIVITY
Sullivan’s Cove,ACTIVITY
Sultan Hassan Camii,ACTIVITY
Sun Yat Sen’in Müze Evi,ACTIVITY
Sunset Electric Dragon Boat Experience - Jubail Mangrove Park,ACTIVITY
Sunset Safari Cruise,ACTIVITY
Surfers Paradise,CITY
Surfers Paradise - Gold Coast,ACTIVITY
Svartifoss Şelalesi,ACTIVITY
Svolvær,CITY
Svolvær,HIGHLIGHT
Svolvær gezisi,ACTIVITY
Sydney,CITY
Sydney,HIGHLIGHT
Sydney Harbour Bridge,ACTIVITY
Sydney Harbour Marriott Hotel at Circular Quay,HOTEL
Sydney Harbour Tekne Turu & Havai Fişek Gösterisi,ACTIVITY
Sydney Köprüsü,ACTIVITY
Sydney Opera Binası,ACTIVITY
Sydney Opera Binası & Harbour Bridge,ACTIVITY
Sydney Opera House,ACTIVITY
Syracuse,CITY
Syracuse Katedrali,ACTIVITY
São Bento Tren İstasyonu,ACTIVITY
São Francisco Kilisesi,ACTIVITY
Sırbistan,COUNTRY
TANZANYA & ZANZIBAR TURU 08 – 17 OCAK 2024,TRIP
TAPAS BAR,RESTAURANT
TAVERNAS,RESTAURANT
TAYLAND TURU 5 – 18 ŞUBAT,TRIP
TEMPLES,HIGHLIGHT
THESSALONIKI,CITY
THESSALONIKI INN,HOTEL
THESSALONIKI OLD TOWN,ACTIVITY
TIMES SQUARE,ACTIVITY
TOKYO,CITY
TOKYO ESSENTIALS 2025,TRIP
TOPKAPI PALACE,ACTIVITY
TOWER OF LONDON,ACTIVITY
TRAFALGAR RESTAURANT,RESTAURANT
TRAIN,TRANSPORT
TRAM,TRANSPORT
TRASTEVERE TRATTORIA,RESTAURANT
TRATTORIA ROMANA,RESTAURANT
TURKEY,COUNTRY
TURKEY TOUR 2024,TRIP
Ta Prohm Tapınağı ziyareti,ACTIVITY
Tadao Ando Café Restaurant,RESTAURANT
Tai Po Old Market - Hong Kong,ACTIVITY
Taj Lake Palace,HOTEL
Takeshita Street,ACTIVITY
Taktsang (Tiger’s Nest) Manastırı - Paro,ACTIVITY
Tam Gün Tekne Gezisi,ACTIVITY
Tam gün safari,ACTIVITY
Tango,HIGHLIGHT
Tango Gösterisi - Buenos Aires,ACTIVITY
Tango House,RESTAURANT
Tanju Okan Parkı,ACTIVITY
Tanzanya,COUNTRY
Taormina,CITY
Taormina,HIGHLIGHT
Taormina Gezisi,ACTIVITY
Taormina şehir turu,ACTIVITY
Tapınak,HIGHLIGHT
Tapınaklar ve Şehir Gezisi,ACTIVITY
Tasmanya,HIGHLIGHT
Tayland,COUNTRY
Tayland,HIGHLIGHT
Tayland & Endonezya Gezisi,TRIP
Tayland & Vietnam Gezisi,TRIP
Tayland Gezi Önerileri,TRIP
Tayland içi transferler,TRANSPORT
Taşkınpaşa Medresesi,ACTIVITY
Te Puia Maori Dansı ve Gayzerler,ACTIVITY
TeamLab Borderless ziyareti,ACTIVITY
TeamLab Planets,ACTIVITY
Teatro Greco,ACTIVITY
Tekapo,CITY
Tekila & Mezcal Tadımı,ACTIVITY
Temple of Literature ziyareti,ACTIVITY
Templo Mayor,ACTIVITY
Tenryu-ji Tapınağı,ACTIVITY
Terrace Rim Naam,RESTAURANT
Teshima,CITY
Teshima,HIGHLIGHT
Teshima Sanat Müzesi,ACTIVITY
Teshima Yokoo Evi,ACTIVITY
The Biltmore Mayfair Hotel,HOTEL
The Craigellachie Hotel,HOTEL
The Guild Dubai,RESTAURANT
The Lookout Cafe,RESTAURANT
The MAINE Oyster Bar & Grill JBR,RESTAURANT
The Mall Firenze,HIGHLIGHT
The Mall Firenze outlet gezisi,ACTIVITY
The Market Restaurant,HIGHLIGHT
The Market Restaurant (Vietnam),RESTAURANT
The Market Restaurant’ta Vietnam yemek kursu,ACTIVITY
The Rees Hotel & Luxury Apartments,HOTEL
The Resort at Pelican Hill,HOTEL
The Restaurant at Address Dubai Mall,RESTAURANT
The Retreat (günübirlik kullanım),HOTEL
"The Retreat (kahvaltı, öğle yemeği)",RESTAURANT
The Ritz Carlton Ras Al Khaimah,HOTEL
The Rocks,ACTIVITY
The St. Regis Mexico City,HOTEL
"The St. Regis Saadiyat Island Resort, Abu Dhabi",HOTEL
The Surin,HOTEL
The Surin Phuket,HIGHLIGHT
The Surin Phuket,HOTEL
The Table Bay,HOTEL
"The Tasman, a Luxury Collection Hotel, Hobart",HOTEL
Thien Canh Son Cave ziyareti,ACTIVITY
Thimphu,CITY
Thimphu Şehir Turu,ACTIVITY
Thonburi Kanalları,HIGHLIGHT
Thonburi Kanalları tekne turu,ACTIVITY
Tierra del Fuego Milli Parkı - Ushuaia,ACTIVITY
Tiger’s Nest,HIGHLIGHT
Tigre Delta Tekne Gezisi,ACTIVITY
Tijuca Ormanı ve Vista Chinesa,ACTIVITY
Todai-ji Tapınağı ziyareti,ACTIVITY
Tokyo,CITY
Tokyo,HIGHLIGHT
Tokyo şehir turu,ACTIVITY
Tonle Sap Gölü yüzen köy ziyareti,ACTIVITY
Topkapı Sarayı,ACTIVITY
Torre dos Clérigos,ACTIVITY
Toskana,CITY
Toskana,HIGHLIGHT
Toskana Bağ Bozumu Programı,TRIP
Toskana Gezisi,TRIP
Toskana Gezisi - Bayram Programı,TRIP
Toskana Gezisi - Selen Zorlu,TRIP
Toskana içi kara transferleri,TRANSPORT
Toskana kasabaları ve doğa gezileri,ACTIVITY
Toskana kırsalı,CITY
Toskana ve Floransa içi kara transferleri,TRANSPORT
Toskana’da şarap bağları ve bölgesel geziler,ACTIVITY
Tour de Fromages - Cluny,ACTIVITY
Tours,CITY
Tours Şehri Gezisi,ACTIVITY
Tra Que Organic Village bisiklet turu,ACTIVITY
Tra Que Village,HIGHLIGHT
Traian Çeşmesi,ACTIVITY
Trattoria Alla Madonna,RESTAURANT
Treehotel,HOTEL
Trinidad,CITY
Trinidad,HIGHLIGHT
Trinidad gezisi ve La Canchanchara Bar ziyareti,ACTIVITY
Trulli,HIGHLIGHT
Trulli Evleri - Alberobello,ACTIVITY
Tuktuk Gezisi & Rehberli Yürüyüş Turu,ACTIVITY
Tulum,CITY
Tulum,HIGHLIGHT
Tuna & Sava Nehirlerinin Birleşim Noktası,ACTIVITY
Tuna Nehri Tekne Gezisi,ACTIVITY
Two Oceans Aquarium,ACTIVITY
Türk Hava Yolları TK1323,TRANSPORT
Türk Hava Yolları TK1393,TRANSPORT
Türk Hava Yolları TK1467,TRANSPORT
Türk Hava Yolları TK168,TRANSPORT
Türk Hava Yolları TK169,TRANSPORT
Türk Hava Yolları TK174,TRANSPORT
Türk Hava Yolları TK181,TRANSPORT
Türk Hava Yolları TK184,TRANSPORT
Türk Hava Yolları TK1864,TRANSPORT
Türk Hava Yolları TK1867,TRANSPORT
Türk Hava Yolları TK2175,TRANSPORT
Türk Hava Yolları TK2341,TRANSPORT
Türk Hava Yolları TK44,TRANSPORT
Türk Hava Yolları TK68,TRANSPORT
Türk Hava Yolları TK716,TRANSPORT
Türk Hava Yolları İstanbul - Rio Uçuşu,TRANSPORT
Türkiye,COUNTRY
Türkiye,HIGHLIGHT
UDON HOUSE,RESTAURANT
UNDERGROUND,TRANSPORT
UNITED KINGDOM,COUNTRY
UNITED STATES,COUNTRY
URGUP,CITY
USA Gezisi - Selen Zorlu,TRIP
Udaipur,CITY
Udaipur,HIGHLIGHT
Udaipur City Palace ve göl çevresi gezisi,ACTIVITY
Udaipur City Palace ziyareti,ACTIVITY
Udaipur göl gezileri ve saray ziyareti,ACTIVITY
Udaipur göl gezisi,ACTIVITY
Udayan Terrace,RESTAURANT
Uffizi Galerisi,ACTIVITY
Ula Beach RAK,RESTAURANT
Ulu Camii ziyareti,ACTIVITY
Ulusal Müze,ACTIVITY
Ulusal Müze - Sydney,ACTIVITY
Ulusal Saray ve Diego Rivera duvar resimleri ziyareti,ACTIVITY
Ulusal Tarih Müzesi,ACTIVITY
Uluslararası uçuşlar,TRANSPORT
Uno Hotel,HOTEL
Urla,CITY
Urla,HIGHLIGHT
Urla Sanat Sokağı,ACTIVITY
Ushuaia,CITY
Ushuaia,HIGHLIGHT
Uçhisar,ACTIVITY
V&A Waterfront,ACTIVITY
V&A Waterfront,HIGHLIGHT
VENEDİK & MİLANO TURU 08 – 12,TRIP
VENICE,CITY
VENICE SUITES,HOTEL
Vaftizhane (Battistero di San Giovanni),ACTIVITY
Valletta,CITY
Valletta,HIGHLIGHT
Valletta şehir turu,ACTIVITY
Van Gogh Müzesi,ACTIVITY
Varanasi,CITY
Varanasi,HIGHLIGHT
Varanasi’de Ganj Nehri kıyısında Aarti töreni,ACTIVITY
Venedik,CITY
Venedik,HIGHLIGHT
Venedik Bienali ülke pavyonları turu,ACTIVITY
Venedik içi deniz taksi transferleri,TRANSPORT
Vespa ile gece turu ve Banh Xeo tadımı,ACTIVITY
Vezüv Yanardağı,ACTIVITY
Victoria Eugenia Tiyatrosu - San Sebastián,ACTIVITY
Vietnam,COUNTRY
Vietnam,HIGHLIGHT
Vietnam & Bangkok Gezisi - Gökhan Mendi,TRIP
Vietnam & Kamboçya Gezisi,TRIP
Vietnam Gezisi,TRIP
Vietnam içi transferler,TRANSPORT
Vigeland Heykel Parkı,ACTIVITY
Villa Comunale Bahçeleri,ACTIVITY
Villa Piedimonte,HOTEL
Villandry Şatosu,ACTIVITY
Vinales,CITY
Vinales,HIGHLIGHT
Vinales tütün tarlaları ve çiftlik ziyareti,ACTIVITY
"Vinales şehir merkezi, tütün tarlaları ve çiftlik ziyareti",ACTIVITY
Vinum Restaurant & Wine Bar,RESTAURANT
Violet Cruise (Ha Long Körfezi),HOTEL
Violet Cruise – Ha Long Körfezi tekne yolculuğu,TRANSPORT
Vista Chinesa,ACTIVITY
Vittoriosa,CITY
Volcanoes & Temples Turu (Helikopter),ACTIVITY
Volcanoes National Park,CITY
Volcanoes National Park Gorilla Trekking,ACTIVITY
Volvo,HIGHLIGHT
Volvo EX90 Basın Seyahati - Los Angeles,TRIP
Volvo EX90 sunumu ve sürüş deneyimi,ACTIVITY
Volvo etkinlikleri,ACTIVITY
Vézelay,CITY
Vézelay,HIGHLIGHT
WHITE Beach Dubai,RESTAURANT
Wadi Rum,CITY
Wadi Rum,HIGHLIGHT
Wadi Rum çöl safarisi,ACTIVITY
Wang Lang Market - Bangkok,ACTIVITY
War Remnants Museum ziyareti,ACTIVITY
Wat Arun,HIGHLIGHT
Wat Arun (Şafak Tapınağı) ziyareti,ACTIVITY
Wat Arun Tapınakları - Bangkok,ACTIVITY
Wat Chedi Luangis,ACTIVITY
Wat Pho,HIGHLIGHT
Wat Pho (Yatan Buda Tapınağı) gezisi,ACTIVITY
Wat Pho Tapınağı,ACTIVITY
Wat Pho Tapınağı - Bangkok,ACTIVITY
Wat Phra Kaew,ACTIVITY
Wat Phra That Doi Suthep,ACTIVITY
Wat Ratchabophit,ACTIVITY
Wat Rong Khun,ACTIVITY
Wat Suan Dok Tapınağı,ACTIVITY
Wat Suthat Tapınağı - Bangkok,ACTIVITY
Water Puppet gösterisi,ACTIVITY
Water Villa One Bedroom,HOTEL
Water Villa with Pool,HOTEL
Wellington,CITY
Westlake bölgesi turu (vintage jeep ile),ACTIVITY
Weta Workshop,ACTIVITY
Wong Tai Sin Tapınağı - Hong Kong,ACTIVITY
Woodend Restaurant,RESTAURANT
Xavi Bou Atölye ziyareti,ACTIVITY
Xochimilco yüzen bahçeleri gezisi,ACTIVITY
Yangon,CITY
Yangon,HIGHLIGHT
Yangon şehir turu,ACTIVITY
Yaz,SEASON
Yengeç Restoran - Urla İskele,RESTAURANT
Yeni Zelanda,COUNTRY
Yeni Zelanda,HIGHLIGHT
Yerebatan Sarnıcı,ACTIVITY
Yerel Lüks Restoran - Adelaide,RESTAURANT
Yerel aile evi – çay ve taze meyve ikramı,RESTAURANT
"Yerel restoranlarda öğle yemekleri (Hanoi, Ho Chi Minh turları sırasında)",RESTAURANT
Yorgo Seferis’in doğduğu ev,ACTIVITY
Yucatan Valilik Sarayı duvar resimleri ziyareti,ACTIVITY
Yunan Tiyatrosu - Siracusa,ACTIVITY
Yves Saint Laurent Müzesi ziyareti,ACTIVITY
Yılbaşı,HIGHLIGHT
Zambiya,COUNTRY
Zanzibar,CITY
Zeitz MOCAA ziyareti,ACTIVITY
Zeitz Museum of Contemporary Art Africa,ACTIVITY
Zeitz Çağdaş Sanatlar Müzesi,ACTIVITY
Zinciriye Medresesi ziyareti,ACTIVITY
Zurriola Plajı,ACTIVITY
Zócalo Meydanı,ACTIVITY
Zócalo ve Metropolitan Katedrali ziyareti,ACTIVITY
Å,CITY
Å köyü gezisi,ACTIVITY
Çarşı,HIGHLIGHT
Çağdaş Sanat,HIGHLIGHT
Çekya,COUNTRY
Çekya,HIGHLIGHT
Çin,COUNTRY
Çin,HIGHLIGHT
Çiçek Kültürü Müzesi - Bangkok,ACTIVITY
Çöl Safarisi,ACTIVITY
Çöl Safarisi,HIGHLIGHT
Çölde Akşam Yemeği,ACTIVITY
Église Saint-Symphorien - Nuits-Saint-Georges,ACTIVITY
Öğle Safarisi,ACTIVITY
Öğleden sonra safari,ACTIVITY
Ümit Burnu Kalesi,ACTIVITY
Ürdün,COUNTRY
Ürdün,HIGHLIGHT
Ürdün Gezisi,TRIP
Ürdün Gezisi - Berrin Zorlu,TRIP
Ürdün içi kara transferleri,TRANSPORT
İSTANBUL – KAPADOKYA – İZMİR TURU 23 TEMMUZ – 2 AĞUSTOS 2023,TRIP
İZLANDA TURU 18 – 24 MAYIS,TRIP
İlkbahar,SEASON
İngiltere,COUNTRY
İngiltere,HIGHLIGHT
İskoçya,COUNTRY
İspanya,COUNTRY
İspanya,HIGHLIGHT
İstanbul,CITY
İstanbul - Bilbao Uçuşu,TRANSPORT
İstanbul - Katmandu Uçuşu,TRANSPORT
İstanbul - Lyon Uçuşu,TRANSPORT
İstanbul - Nairobi Uçuşu,TRANSPORT
İstanbul - Rovaniemi Uçuşu,TRANSPORT
İstanbul – Abu Dhabi uçuşu,TRANSPORT
"İstanbul – Amman uçuşu (TK812, Türk Hava Yolları)",TRANSPORT
"İstanbul – Amman uçuşu (TK816, Türk Hava Yolları)",TRANSPORT
"İstanbul – Bangkok uçuşu (TK68, Türk Hava Yolları)",TRANSPORT
İstanbul – Bangkok – Vietnam uçuşları (THY 69),TRANSPORT
İstanbul – Barselona uçuşu,TRANSPORT
"İstanbul – Bologna uçuşu (TK1321, Türk Hava Yolları)",TRANSPORT
İstanbul – Bologna uçuşu (Türk Hava Yolları),TRANSPORT
İstanbul – Cape Town uçuşu (TK44),TRANSPORT
İstanbul – Delhi uçuşu (TK716),TRANSPORT
"İstanbul – Delhi uçuşu (TK716, Türk Hava Yolları)",TRANSPORT
"İstanbul – Doha uçuşu (QR 246, Qatar Airways)",TRANSPORT
İstanbul – Fas uçuşu,TRANSPORT
"İstanbul – Hanoi uçuşu (TK 166, Türk Hava Yolları)",TRANSPORT
"İstanbul – Hanoi uçuşu (TK164, Türk Hava Yolları)",TRANSPORT
İstanbul – Havana uçuşu (TK183),TRANSPORT
"İstanbul – Ho Chi Minh uçuşu (TK168, Türk Hava Yolları)",TRANSPORT
"İstanbul – Johannesburg uçuşu (TK38, Türk Hava Yolları)",TRANSPORT
İstanbul – Johannesburg uçuşu (TK42),TRANSPORT
"İstanbul – Kahire uçuşu (TK694D, Türk Hava Yolları)",TRANSPORT
İstanbul – Katanya uçuşu TK 1395,ACTIVITY
İstanbul – Katanya uçuşu TK 1395,TRANSPORT
"İstanbul – Lima uçuşu (TK800, Türk Hava Yolları, Panama aktarmalı CM337)",TRANSPORT
İstanbul – Lizbon uçuşu TK 1759,TRANSPORT
İstanbul – Londra uçuşu (THY 1979),TRANSPORT
İstanbul – Los Angeles uçuşu,TRANSPORT
"İstanbul – Malaga uçuşu (TK1303, Türk Hava Yolları)",TRANSPORT
İstanbul – Mardin uçuşu (TK2674),TRANSPORT
İstanbul – Marsilya uçuşu (TK1365),TRANSPORT
İstanbul – Marsilya uçuşu (TK1367),TRANSPORT
"İstanbul – Marsilya uçuşu (TK1367, Türk Hava Yolları)",TRANSPORT
İstanbul – Mexico City uçuşu (TK184),TRANSPORT
İstanbul – Nairobi uçuşu (TK607),TRANSPORT
İstanbul – Oslo – Svolvær uçuşu,TRANSPORT
"İstanbul – Phuket uçuşu (TK172, Türk Hava Yolları)",TRANSPORT
"İstanbul – Prag uçuşu (TK1769, Türk Hava Yolları)",TRANSPORT
İstanbul – Tokyo uçuşu,TRANSPORT
İstanbul – Tokyo uçuşu (TK50),TRANSPORT
İstanbul – Venedik uçuşu (THY 1867),TRANSPORT
İstanbul – Yangon uçuşu,TRANSPORT
İsveç,COUNTRY
İtalya,COUNTRY
İtalya,HIGHLIGHT
"İtalya Gezisi - Bologna, Floransa, Toskana & Forte dei Marmi",TRIP
İzlanda,CITY
İzlanda,COUNTRY
İzmir,CITY
İzmir,HIGHLIGHT
İzmir’in En Güzel Köyleri - Şirince & Urla,TRIP
Şarap,HIGHLIGHT
Şarap Mahzenleri,ACTIVITY
Şarap Tadımı,HIGHLIGHT
Şarap tadımları,ACTIVITY
Şehir içi araç ile transferler,TRANSPORT
Şehir içi transferler,TRANSPORT
Şehir içi ve havalimanı transferleri,TRANSPORT
Şehir içi ve lodge transferleri,TRANSPORT
Şehir içi ve otel transferleri,TRANSPORT
Şehir içi özel transferler,TRANSPORT
Şili,COUNTRY
Şirince,CITY
Şirince,HIGHLIGHT
Şirince Köyü,ACTIVITY
Şirince Çarşısı,ACTIVITY
