id,name,label
1,Fjallsárlón Glacier Lagoon,ACTIVITY
2,Macau Şarap Müzesi,ACTIVITY
3,Antropoloji Müzesi,ACTIVITY
4,Bagan tapınakları gezisi,ACTIVITY
5,Caixa Forum gezisi,ACTIVITY
6,LONDON EYE,ACTIVITY
7,Zeitz Museum of Contemporary Art Africa,ACTIVITY
8,MONTMARTRE WALK,ACTIVITY
9,Corso Umberto,ACTIVITY
10,Ateş Böceği Mağarası,ACTIVITY
11,Lacquer ware atölyesi ziyareti,ACTIVITY
12,Ribeira Bölgesi,ACTIVITY
13,Carmen de los Mártires Bahçesi,ACTIVITY
14,Wat Pho (Yatan Buda Tapınağı) gezisi,ACTIVITY
15,Musée Asiatica - Biarritz,ACTIVITY
16,Xavi Bou Atölye ziyareti,ACTIVITY
17,Topkapı Sarayı,ACTIVITY
18,Duomo di San Giorgio,ACTIVITY
19,Tai Po Old Market - Hong Kong,ACTIVITY
20,Floransa şehir turu (Piazza Della Signoria ve diğer yapılar),ACTIVITY
21,Kyoto şehir turu,ACTIVITY
22,Jaipur Amber Kalesi ziyareti,ACTIVITY
23,Edfu Tapınağı,ACTIVITY
24,Notre-Dame Kilisesi - Beaune,ACTIVITY
25,Vigeland Heykel Parkı,ACTIVITY
26,Jaipur şehir turu,ACTIVITY
27,Giraffe Manor’da zürafalarla kahvaltı ve ikindi çayı,ACTIVITY
28,San Telmo,ACTIVITY
29,Santa Teresa Semti - Rio,ACTIVITY
30,Ali ibn Yusuf Medresesi ziyareti,ACTIVITY
31,Ota Memorial Museum of Art,ACTIVITY
32,Corso Vittorio Emanuele - Noto,ACTIVITY
33,Göreme Açık Hava Müzesi,ACTIVITY
34,Sea Eagle RIB Boat Safari,ACTIVITY
35,San Gimignano UNESCO Dünya Mirası,ACTIVITY
36,Saint-Michel Kilisesi - Dijon,ACTIVITY
37,Pienza kasabası ziyareti,ACTIVITY
38,Avignon Gezisi,ACTIVITY
39,Wat Ratchabophit,ACTIVITY
40,Zinciriye Medresesi ziyareti,ACTIVITY
41,Zeitz Çağdaş Sanatlar Müzesi,ACTIVITY
42,Aurora Borealis Macerası,ACTIVITY
43,PARK GUELL,ACTIVITY
44,Kigali Şehir Turu,ACTIVITY
45,Museu da Chácara do Céu,ACTIVITY
46,Gece Safarisi,ACTIVITY
47,Iziko Müzesi ziyareti,ACTIVITY
48,Masa Dağı (Table Mountain),ACTIVITY
49,Trinidad gezisi ve La Canchanchara Bar ziyareti,ACTIVITY
50,Saint-Martin de l’Aigue Kilisesi,ACTIVITY
51,Cu Chi Tünelleri gezisi,ACTIVITY
52,La Concha Plajı - San Sebastián,ACTIVITY
53,Chateau La Coste Art Tour,ACTIVITY
54,Inverness Kalesi,ACTIVITY
55,"Phnom Penh şehir turu: Kraliyet Sarayı, Gümüş Pagoda, Ulusal Müze",ACTIVITY
56,TeamLab Borderless ziyareti,ACTIVITY
57,Cape Town Şehir Gezisi,ACTIVITY
58,MACBA - Museu d’Art Contemporani de Barcelona ziyareti,ACTIVITY
59,Blue Lagoon,ACTIVITY
60,Saint-Paul de Mausole ziyareti,ACTIVITY
61,Chiesa di San Carlo - Noto,ACTIVITY
62,Casa Milà,ACTIVITY
63,Miyashita Park,ACTIVITY
64,Cusco turu,ACTIVITY
65,Frida Kahlo Müzesi ziyareti,ACTIVITY
66,Mirabel Sarayı ve Bahçesi,ACTIVITY
67,MAT Museum - Noto,ACTIVITY
68,Guggenheim Müzesi Gezisi,ACTIVITY
69,Monte Hisarı,ACTIVITY
70,Bağ bozumu deneyimi,ACTIVITY
71,Auckland Şehir Gezisi,ACTIVITY
72,Petra Antik Kenti gezisi,ACTIVITY
73,Bogotá şehir turu,ACTIVITY
74,SHIBUYA CROSSING,ACTIVITY
75,Ravello - Villa Cimbrone Bahçesi,ACTIVITY
76,Beffroi Meydanı - Nuits-Saint-Georges,ACTIVITY
77,Sant’Oronzo Meydanı - Lecce,ACTIVITY
78,Wat Chedi Luangis,ACTIVITY
79,Duomo - Noto,ACTIVITY
80,Senso-ji Tapınağı ve Nakamise alışveriş caddesi ziyareti,ACTIVITY
81,KIYOMIZU DERA,ACTIVITY
82,Templo Mayor,ACTIVITY
83,"Havana Eski Kenti, Malecon Bulvarı, Devrim Meydanı, Colomb Mezarlığı ve Morro Kalesi gezisi",ACTIVITY
84,Arşimed Meydanı,ACTIVITY
85,Tuna & Sava Nehirlerinin Birleşim Noktası,ACTIVITY
86,Leblon Plajı,ACTIVITY
87,Mezquita Camii - Córdoba,ACTIVITY
88,El Tajo Kanyonu,ACTIVITY
89,Elephanta Adası ve Trimurti heykeli ziyareti,ACTIVITY
90,Chichen-Itza arkeolojik alanı ziyareti,ACTIVITY
91,Torre dos Clérigos,ACTIVITY
92,Sabah ve akşam safarileri (Sabi Sand Game Reserve),ACTIVITY
93,Ha Long Körfezi’nde deniz uçağı ile ulaşım ve Violet Cruise konaklaması,ACTIVITY
94,Fundación Rodriguez-Acosta Sanat Müzesi,ACTIVITY
95,Teshima Sanat Müzesi,ACTIVITY
96,St. Andrews Katedrali,ACTIVITY
97,Château du Clos Lucé,ACTIVITY
98,San Gimignano gezisi,ACTIVITY
99,Hodri Meydan Kulesi,ACTIVITY
100,Sabah Safari,ACTIVITY
101,Arles Luma Müzesi ziyareti,ACTIVITY
102,Getaria Balıkçı Köyü,ACTIVITY
103,Deyrulzafaran Manastırı ziyareti,ACTIVITY
104,Napoli Tarihi Merkezi,ACTIVITY
105,Mukuni Village Gezisi,ACTIVITY
106,Giardini ana sergi turu,ACTIVITY
107,Macau Casinoları,ACTIVITY
108,Chiesa Anime Sante del Purgatorio,ACTIVITY
109,Atelier de Cezanne ziyareti,ACTIVITY
110,Musée des Beaux-Arts - Dijon,ACTIVITY
111,BALLOON RIDE,ACTIVITY
112,Şirince Çarşısı,ACTIVITY
113,Khufu Piramidi,ACTIVITY
114,San Casciano Val di Pesa kasabası ziyareti,ACTIVITY
115,Meiji Shrine,ACTIVITY
116,La Concha Plajı,ACTIVITY
117,Kirstenbosch Ulusal Botanik Bahçesi,ACTIVITY
118,Te Puia Maori Dansı ve Gayzerler,ACTIVITY
119,Karen Blixen Müzesi ziyareti,ACTIVITY
120,Palazzo Nicolaci - Noto,ACTIVITY
121,Hamel Sokağı ziyareti,ACTIVITY
122,Harabeler Parkı - Rio,ACTIVITY
123,Hakone Açık Hava Müzesi ziyareti,ACTIVITY
124,Osaka Kalesi ziyareti,ACTIVITY
125,Franschhoek Şarap Bağları,ACTIVITY
126,Amber Kalesi ziyareti,ACTIVITY
127,Rojo Tango Gösterisi,ACTIVITY
128,Sabi Sabi’de sabah ve akşam safari turları,ACTIVITY
129,Hanoi şehir turu,ACTIVITY
130,A-Ma Tapınağı,ACTIVITY
131,Çöl Safarisi,ACTIVITY
132,Philae Tapınağı,ACTIVITY
133,Maria Luisa Parkı,ACTIVITY
134,Ashinoko Gölü tekne turu,ACTIVITY
135,El Refaei Camii,ACTIVITY
136,Nil Nehri Sıcak Hava Balonu,ACTIVITY
137,Arashiyama Bamboo Grove ziyareti,ACTIVITY
138,Sanctuary Olonana’da doğa aktiviteleri ve safari,ACTIVITY
139,Noel Pazarları,ACTIVITY
140,Büyük Mısır Müzesi,ACTIVITY
141,"Siem Reap’te Angkor Wat, Angkor Thom, Bayon ve Ta Prohm gezileri",ACTIVITY
142,Oxford Caddesi,ACTIVITY
143,Wat Phra Kaew,ACTIVITY
144,Chateau Estoublon,ACTIVITY
145,Kashi Vishwanath Tapınağı,ACTIVITY
146,Royal Exhibition Binası - Melbourne,ACTIVITY
147,David Livingstone Müzesi,ACTIVITY
148,Central Park ziyareti,ACTIVITY
149,Serengeti Ulusal Parkı Safari,ACTIVITY
150,Matera Gezisi,ACTIVITY
151,Saint-Philibert Kilisesi - Dijon,ACTIVITY
152,Giardini Iblei,ACTIVITY
153,Ho Chi Minh City şehir turu,ACTIVITY
154,Astrup Fearnley Museum of Modern Art,ACTIVITY
155,Jaipur City Palace gezisi,ACTIVITY
156,Van Gogh Müzesi,ACTIVITY
157,Kasımiye Medresesi ziyareti,ACTIVITY
158,Cape Town V&A Waterfront gezisi,ACTIVITY
159,Lima şehir turu (Plaza Mayor ve tarihi merkez),ACTIVITY
160,Sanat Galerileri - Saint-Jean-de-Luz,ACTIVITY
161,Cordoba turu,ACTIVITY
162,Johannesburg şehir turu,ACTIVITY
163,Musée des Beaux-Arts - Beaune,ACTIVITY
164,Etna Yanardağı gezisi,ACTIVITY
165,SENSOJI TEMPLE,ACTIVITY
166,Güney Afrika Ulusal Müzesi (İziko),ACTIVITY
167,Ta Prohm Tapınağı ziyareti,ACTIVITY
168,Westlake bölgesi turu (vintage jeep ile),ACTIVITY
169,Roma Amfi Tiyatrosu - Siracusa,ACTIVITY
170,Uçhisar,ACTIVITY
171,Machu Picchu gezisi,ACTIVITY
172,Fonte Arethusa,ACTIVITY
173,Mdina şehir turu,ACTIVITY
174,Nil Nehri Felucca Tekne Gezisi,ACTIVITY
175,Kültür Sokağı ve Uçurtma Atölyesi gezisi,ACTIVITY
176,Godfather Film Kilisesi - Savoca,ACTIVITY
177,Che Guevara’nın evi ziyareti,ACTIVITY
178,STATUE OF LIBERTY,ACTIVITY
179,Franschhoek Şarap Bağları ve Galeriler,ACTIVITY
180,Jantar Mantar,ACTIVITY
181,"Prag şehir turu: Prag Kalesi, St. Vitus Bazilikası, Altın Yol",ACTIVITY
182,São Bento Tren İstasyonu,ACTIVITY
183,Beaujolais Şarap Bağları - Fleurie,ACTIVITY
184,"Hanoi şehir turu: Ho Chi Minh Mozolesi, kazık ev, Tek Sütunlu Pagoda, Edebiyat Tapınağı",ACTIVITY
185,Machiya deneyimi,ACTIVITY
186,Karnak Tapınağı,ACTIVITY
187,Designmuseum Danmark,ACTIVITY
188,Cape Town Graffiti Street Art Turu,ACTIVITY
189,GRAND BAZAAR,ACTIVITY
190,TOPKAPI PALACE,ACTIVITY
191,Franschhoek,ACTIVITY
192,Amboise Şatosu,ACTIVITY
193,Phuket Tarihi Kent Gezisi,ACTIVITY
194,The Mall Firenze outlet gezisi,ACTIVITY
195,Dubai Mall,ACTIVITY
196,Sunset Safari Cruise,ACTIVITY
197,Kızaklı Sandalye,ACTIVITY
198,Lima şehir turu,ACTIVITY
199,Ulusal Müze - Sydney,ACTIVITY
200,Seal Bay Conservation Park,ACTIVITY
201,Nikola Tesla Müzesi,ACTIVITY
202,Botanik Bahçeleri - Sydney,ACTIVITY
203,Domaine Rion Armelle et Bernard - Şarap Tadımı,ACTIVITY
204,Udaipur göl gezileri ve saray ziyareti,ACTIVITY
205,Chiesa di San Francesco - Noto,ACTIVITY
206,Plaza de Armas,ACTIVITY
207,"Hanoi şehir turu: Ho Chi Minh Mozolesi, Başkanlık Sarayı, Tek Sütunlu Pagoda, Edebiyat Tapınağı",ACTIVITY
208,Devrim Müzesi ziyareti,ACTIVITY
209,Mexico City şehir turu,ACTIVITY
210,AYASOFYA CAMII,ACTIVITY
211,Yorgo Seferis’in doğduğu ev,ACTIVITY
212,Sydney Opera Binası,ACTIVITY
213,Sakıp Sabancı Müzesi ziyareti,ACTIVITY
214,Blair Castle,ACTIVITY
215,"Phnom Penh şehir turu: Artisan D’Angkor el işi okulu, Phsar Chas çarşısı",ACTIVITY
216,Kalemegdan,ACTIVITY
217,Zeitz MOCAA ziyareti,ACTIVITY
218,Musée du Vin de Bourgogne,ACTIVITY
219,Nasrid Sarayı,ACTIVITY
220,Bar Vitelli,ACTIVITY
221,Mrs Macquarie’s Chair,ACTIVITY
222,BRITISH MUSEUM,ACTIVITY
223,City Palace - Udaipur,ACTIVITY
224,Hindistan Kapısı,ACTIVITY
225,Las Granadas Kapısı,ACTIVITY
226,Boavista,ACTIVITY
227,Saint-Flocel Kilisesi,ACTIVITY
228,Amman şehir turu,ACTIVITY
229,Hector Pieterson Müzesi ziyareti,ACTIVITY
230,San Ildefonso Katedrali ziyareti,ACTIVITY
231,Jodhpur Mehrangarh Kalesi gezisi,ACTIVITY
232,Boulders Beach Penguen Kolonisi,ACTIVITY
233,Piazza dello Spirito Santo,ACTIVITY
234,Bilbao Şehir Turu,ACTIVITY
235,Key Museum,ACTIVITY
236,Nakamise Alışveriş Caddesi,ACTIVITY
237,Chiesa di Santa Maria delle Scale,ACTIVITY
238,Iguazú Milli Parkı,ACTIVITY
239,"Havana şehir turu (Eski Kent, Malecon, Devrim Meydanı, Colomb Mezarlığı, Miramar)",ACTIVITY
240,Hout Bay & Seal Island,ACTIVITY
241,Weta Workshop,ACTIVITY
242,Inle Gölü gezisi,ACTIVITY
243,Ranakpur Jain Tapınakları ziyareti,ACTIVITY
244,Puente Nuevo - Ronda,ACTIVITY
245,KINKAKUJI TEMPLE,ACTIVITY
246,Khan El Khalili Çarşısı,ACTIVITY
247,"Bologna şehir turu (Piazza Maggiore, Basilica di San Petronio, Fontana di Nettuno, Palazzo Communale)",ACTIVITY
248,Magdalena Adası,ACTIVITY
249,Parte Vieja - San Sebastián,ACTIVITY
250,Keşlik Manastırı,ACTIVITY
251,Ice Cave,ACTIVITY
252,Montepulciano şarap bağları ve kasaba gezisi,ACTIVITY
253,Victoria Eugenia Tiyatrosu - San Sebastián,ACTIVITY
254,Palazzo Vecchio,ACTIVITY
255,Banteay Srei ve Banteay Samre tapınakları ziyareti,ACTIVITY
256,Mirabeau Caddesi’nde gezinti,ACTIVITY
257,Senso-ji Tapınağı,ACTIVITY
258,Aziz Paulo Katedrali Harabesi - Macau,ACTIVITY
259,San Sabino Katedrali,ACTIVITY
260,Polignano a Mare,ACTIVITY
261,Forza d’Agrò Ortaçağ Köyü,ACTIVITY
262,Muson Sarayı,ACTIVITY
263,San Telmo Müzesi - San Sebastián,ACTIVITY
264,San Gimignano kasabası gezisi,ACTIVITY
265,Buenos Aires Modern Sanat Müzesi,ACTIVITY
266,Cape Point,ACTIVITY
267,Montalcino’da şarap tadımı,ACTIVITY
268,Iziko Güney Afrika Müzesi ve Planetaryum,ACTIVITY
269,Orvieto Yer Altı Tünelleri,ACTIVITY
270,Cartagena eski şehir gezisi,ACTIVITY
271,Ronda Tarihi Sokakları,ACTIVITY
272,Cape Town şehir turu ve çevre gezileri,ACTIVITY
273,Cattedrale di Sant’Andrea,ACTIVITY
274,Château de Chambord,ACTIVITY
275,Les Archives du Coeur,ACTIVITY
276,Omotesando,ACTIVITY
277,Sydney Harbour Bridge,ACTIVITY
278,Capilla Real,ACTIVITY
279,Tour de Fromages - Cluny,ACTIVITY
280,Midyat Devlet Konukevi ve Gümüşçüler Çarşısı ziyareti,ACTIVITY
281,Shibuya Sky,ACTIVITY
282,Udaipur City Palace ve göl çevresi gezisi,ACTIVITY
283,Toskana’da şarap bağları ve bölgesel geziler,ACTIVITY
284,St. Mary Katedrali,ACTIVITY
285,Vaftizhane (Battistero di San Giovanni),ACTIVITY
286,Saint-Jean-de-Luz Plajları,ACTIVITY
287,Santa Croce Bazilikası,ACTIVITY
288,Kerid Crater Lake,ACTIVITY
289,Brisbane Şehir Turu,ACTIVITY
290,MUSÉE D'ORSAY,ACTIVITY
291,Karaköy,ACTIVITY
292,Locorotondo Şehir Gezisi,ACTIVITY
293,"Chiang Rai’de fil sürüşü, Altın Üçgen gezisi veya yemek kursu",ACTIVITY
294,Henningsvær gezisi,ACTIVITY
295,Sullivan’s Cove,ACTIVITY
296,Thien Canh Son Cave ziyareti,ACTIVITY
297,Queenstown Panoramik Gezisi,ACTIVITY
298,Sacred Valley gezisi,ACTIVITY
299,Gordes ve Roussillon köy gezileri,ACTIVITY
300,Chapelle Impériale - Biarritz,ACTIVITY
301,"Granada şehir merkezi turu (Realejo Mahallesi, Capilla Real, Katedral, Madraza)",ACTIVITY
302,Santa Clara gezisi ve Che Guevara Anıt Mezarı ziyareti,ACTIVITY
303,Mekong Nehri Tekne Gezisi,ACTIVITY
304,Giardini Bienali,ACTIVITY
305,Provence manzaraları ve şato ziyareti,ACTIVITY
306,Machu Picchu ziyareti,ACTIVITY
307,Akşam Safari,ACTIVITY
308,Stellenbosch Vadisi Şarap Bağları,ACTIVITY
309,Hôtel-Dieu - Cluny,ACTIVITY
310,Sfenks,ACTIVITY
311,Çölde Akşam Yemeği,ACTIVITY
312,Abbaye Sainte-Marie-Madeleine - Vézelay,ACTIVITY
313,Bondi Plajı,ACTIVITY
314,Chapman’s Peak Drive,ACTIVITY
315,Aziz John Baptist Kilisesi,ACTIVITY
316,Humayun’un Mezarı,ACTIVITY
317,Piazza IX Aprile,ACTIVITY
318,Tonle Sap Gölü yüzen köy ziyareti,ACTIVITY
319,Joan Miró Vakfı ziyareti,ACTIVITY
320,Jordi Bernadó Atölye ziyareti,ACTIVITY
321,Arles Gezisi,ACTIVITY
322,Chatuchak Weekend Market,ACTIVITY
323,CENTRAL PARK,ACTIVITY
324,Chiang Mai şehir turu,ACTIVITY
325,Hospices de Beaune (Hôtel-Dieu),ACTIVITY
326,Dali Müzesi ziyareti,ACTIVITY
327,Karlofca Gezisi,ACTIVITY
328,1950’lerden kalma Amerikan arabaları ile Havana turu,ACTIVITY
329,Batalha Meydanı,ACTIVITY
330,Salzbergwerk Berchtesgaden,ACTIVITY
331,Tuktuk Gezisi & Rehberli Yürüyüş Turu,ACTIVITY
332,Oslo Opera Binası,ACTIVITY
333,Barcelona şehir gezisi,ACTIVITY
334,Toskana kasabaları ve doğa gezileri,ACTIVITY
335,Akihabara gezisi,ACTIVITY
336,Owakudani Vadisi,ACTIVITY
337,Cape Town & Masa Dağı Gezisi,ACTIVITY
338,Dubai Autodrome Circuit,ACTIVITY
339,Pashupatinath Tapınağı - Katmandu,ACTIVITY
340,BIG BEN,ACTIVITY
341,Montepulciano şarap bağları turu,ACTIVITY
342,Volvo EX90 sunumu ve sürüş deneyimi,ACTIVITY
343,Churchill Graham Şaraphanesi,ACTIVITY
344,Eski PTT Binası gezisi,ACTIVITY
345,SUNRISE VIEWPOINT,ACTIVITY
346,Ben Thanh Market ziyareti,ACTIVITY
347,Brugge Gezisi,ACTIVITY
348,Tigre Delta Tekne Gezisi,ACTIVITY
349,Monte Igueldo - San Sebastián,ACTIVITY
350,Strada delle Orecchiette,ACTIVITY
351,Callaway Winery ziyareti ve şarap tadımı,ACTIVITY
352,Lantau Adası Turu,ACTIVITY
353,Inverness Müzesi ve Sanat Galerisi,ACTIVITY
354,Bhaktapur - Katmandu,ACTIVITY
355,Kirstenbosch Ulusal Botanik Bahçesi gezisi,ACTIVITY
356,Porta Catania,ACTIVITY
357,Sagrada Familia,ACTIVITY
358,Tapınaklar ve Şehir Gezisi,ACTIVITY
359,Traian Çeşmesi,ACTIVITY
360,Ulusal Tarih Müzesi,ACTIVITY
361,THESSALONIKI OLD TOWN,ACTIVITY
362,Generalife Bahçeleri,ACTIVITY
363,Sorrento Gezisi,ACTIVITY
364,Musée d’Art et d’Archéologie - Cluny,ACTIVITY
365,Recoleta Semti,ACTIVITY
366,Darling Harbour,ACTIVITY
367,Biarritz Grande Plage,ACTIVITY
368,Siem Reap Angkor Wat ziyareti,ACTIVITY
369,Hayward Gallery ziyareti,ACTIVITY
370,Eski Mardin Evleri ve Abbara tünelleri gezisi,ACTIVITY
371,Halong Bay tekne turu,ACTIVITY
372,Bottega Della Tarsia Lignea Müzesi,ACTIVITY
373,Porto Katedrali,ACTIVITY
374,Colline Éternelle - Vézelay Şarap Tadımı,ACTIVITY
375,Wang Lang Market - Bangkok,ACTIVITY
376,Sydney Harbour Tekne Turu & Havai Fişek Gösterisi,ACTIVITY
377,Latomie - Siracusa,ACTIVITY
378,Wat Phra That Doi Suthep,ACTIVITY
379,"Personal Structures, Palazzo Bembo sergisi",ACTIVITY
380,Sanat Galerisi - Melbourne,ACTIVITY
381,Gent Gezisi,ACTIVITY
382,Il Pio Monte della Misericordia,ACTIVITY
383,Camps Bay ve Clifton Beach,ACTIVITY
384,Bangkok şehir turu ve alışveriş aktiviteleri,ACTIVITY
385,Jama Mescidi,ACTIVITY
386,Ai Weiwei sergisi,ACTIVITY
387,Residenzplatz & DomQuartier,ACTIVITY
388,Plaza de Toros - Ronda,ACTIVITY
389,09 Kasım 2022: İstanbul – Lizbon uçuşu (TK 1759),ACTIVITY
390,Sarnath,ACTIVITY
391,Goðafoss Şelalesi,ACTIVITY
392,TOWER OF LONDON,ACTIVITY
393,Chiang Rai fil kampı ziyareti,ACTIVITY
394,Hakone Teleferiği,ACTIVITY
395,Ortigia Meydanı,ACTIVITY
396,"Mekong Deltası gezisi: bot turları, noodle yapımı, meyve bahçeleri, yerel aile ziyareti",ACTIVITY
397,Ronda gezisi,ACTIVITY
398,Roma Amfi Tiyatrosu - Lecce,ACTIVITY
399,"Bangkok şehir turu: Wat Arun, Wat Pho, Çin Mahallesi",ACTIVITY
400,Frieze Sculpture Park ziyareti,ACTIVITY
401,Balsamik sirke tadımı ve üretici ziyareti,ACTIVITY
402,Château La Coste şarap evi ve bahçeleri ziyareti,ACTIVITY
403,Palazzo Ducezio - Noto,ACTIVITY
404,Udaipur göl gezisi,ACTIVITY
405,Cam Igloo Deneyimi,ACTIVITY
406,Sant'Oronzo Meydanı,ACTIVITY
407,Kültürel ve alışveriş aktiviteleri,ACTIVITY
408,Mozart’ın Evi,ACTIVITY
409,Pepe Plajı,ACTIVITY
410,Bangkok Kanalları Gezisi,ACTIVITY
411,San Sebastian Şehir Gezisi,ACTIVITY
412,Havana şehir turu,ACTIVITY
413,Monopoli Tarihi Merkezi,ACTIVITY
414,Rehberli hiking ve çevre gezisi,ACTIVITY
415,Trulli Evleri - Alberobello,ACTIVITY
416,Mısır Müzesi - Eski Müze,ACTIVITY
417,Hohenstaufen Kalesi,ACTIVITY
418,Casino Municipal - Biarritz,ACTIVITY
419,Boğaz Turu,ACTIVITY
420,Ngoc Son Pagoda ziyareti,ACTIVITY
421,V&A Waterfront,ACTIVITY
422,Ümit Burnu Kalesi,ACTIVITY
423,Wat Arun Tapınakları - Bangkok,ACTIVITY
424,Phuket’te Big Buddha ziyareti,ACTIVITY
425,PALATINE HILL,ACTIVITY
426,Picasso Pavilion,ACTIVITY
427,Flåm Railway Museum,ACTIVITY
428,Peggy Guggenheim Müzesi,ACTIVITY
429,Grassl Likör Fabrikası,ACTIVITY
430,Dead Sea’de konaklama ve dinlenme,ACTIVITY
431,Ganj Nehri Aarti Töreni,ACTIVITY
432,Melbourne Müzesi,ACTIVITY
433,Roussillon ve Gordes gezisi,ACTIVITY
434,Zócalo Meydanı,ACTIVITY
435,Lam Tsuen Dilek Ağacı - Hong Kong,ACTIVITY
436,Pak Khlong Talat Çiçek Pazarı - Bangkok,ACTIVITY
437,Matera Kaya Evleri,ACTIVITY
438,Anzac-Atatürk Anıtı,ACTIVITY
439,Art Tour,ACTIVITY
440,Tam Gün Tekne Gezisi,ACTIVITY
441,Adolf Hitler’in Kartal Yuvası,ACTIVITY
442,Tekila & Mezcal Tadımı,ACTIVITY
443,Siena Şehir Merkezi,ACTIVITY
444,Odeon,ACTIVITY
445,Picasso Müzesi ziyareti,ACTIVITY
446,Svartifoss Şelalesi,ACTIVITY
447,Kicksled Deneyimi,ACTIVITY
448,Wat Suthat Tapınağı - Bangkok,ACTIVITY
449,Loire Vadisi Balon Turu,ACTIVITY
450,Hemingway’in La Finca evi ziyareti,ACTIVITY
451,Luxor Tapınağı,ACTIVITY
452,Bangkok kanal turu (Thonburi Klongs) ve Chao Phraya Nehri gezisi,ACTIVITY
453,Sfenks ziyareti,ACTIVITY
454,Monopoli Gezisi,ACTIVITY
455,Teshima Yokoo Evi,ACTIVITY
456,Floridita’da öğle yemeği ve daiquiri kokteyl tadımı,ACTIVITY
457,San Giuseppe Kilisesi,ACTIVITY
458,Bo-Kaap Mahallesi,ACTIVITY
459,Miramar Sarayı - San Sebastián,ACTIVITY
460,Lello Kütüphanesi,ACTIVITY
461,Antik Roma Amfitiyatrosu,ACTIVITY
462,BALKAN CULTURAL SITES,ACTIVITY
463,Porta Messina,ACTIVITY
464,Canberra Şehir Turu,ACTIVITY
465,Ha Long (Lan Ha Bay) Bhaya özel tekne yolculuğu,ACTIVITY
466,Mandalay gezisi,ACTIVITY
467,"Cienfuegos şehir turu (Valle Sarayı, Jose Marti Parkı, Prado Promenade)",ACTIVITY
468,Floransa çevresinde geziler,ACTIVITY
469,The Market Restaurant’ta Vietnam yemek kursu,ACTIVITY
470,Efes Antik Kenti,ACTIVITY
471,"Vinales şehir merkezi, tütün tarlaları ve çiftlik ziyareti",ACTIVITY
472,Takeshita Street,ACTIVITY
473,LUMA Müzesi,ACTIVITY
474,Yerebatan Sarnıcı,ACTIVITY
475,Cusco şehir turu,ACTIVITY
476,Stellenbosch şarap bağları gezisi,ACTIVITY
477,Volcanoes National Park Gorilla Trekking,ACTIVITY
478,Phuket ada ve sahil aktiviteleri,ACTIVITY
479,Stellenbosch şarap bağları turu,ACTIVITY
480,Vista Chinesa,ACTIVITY
481,Iglesia de Santa Lucía,ACTIVITY
482,TeamLab Planets,ACTIVITY
483,Macquarie Caddesi,ACTIVITY
484,Zócalo ve Metropolitan Katedrali ziyareti,ACTIVITY
485,FUSHIMI INARI SHRINE,ACTIVITY
486,"Ha Long Körfezi’nde mağara keşfi, yüzme ve balık avı",ACTIVITY
487,Kinkaku-ji,ACTIVITY
488,Ginza,ACTIVITY
489,Palácio da Bolsa,ACTIVITY
490,Rue Gambetta - Saint-Jean-de-Luz,ACTIVITY
491,Büyük Saray,ACTIVITY
492,Polanco,ACTIVITY
493,Gotik Mahallesi,ACTIVITY
494,GOREME OPEN AIR MUSEUM,ACTIVITY
495,Villa Comunale Bahçeleri,ACTIVITY
496,Ciutadella Park,ACTIVITY
497,Jose Fuster’in sanat mahallesi ziyareti,ACTIVITY
498,Palazzo dei Celestini,ACTIVITY
499,Église Saint-Symphorien - Nuits-Saint-Georges,ACTIVITY
500,Xochimilco yüzen bahçeleri gezisi,ACTIVITY
501,Çiçek Kültürü Müzesi - Bangkok,ACTIVITY
502,Arsenale ana sergi turu,ACTIVITY
503,Napoli Şehri Gezisi,ACTIVITY
504,Mor Gabriel Manastırı ziyareti,ACTIVITY
505,Ranthambore Milli Parkı’nda jeep safari,ACTIVITY
506,Mısır Müzesi,ACTIVITY
507,Kar Mobili Safarisi,ACTIVITY
508,Iguazú Şelaleleri Milli Parkı,ACTIVITY
509,Ashinoko Tekne Gezisi,ACTIVITY
510,Rue Mazarin - Saint-Jean-de-Luz,ACTIVITY
511,ST. MARK'S SQUARE,ACTIVITY
512,Yunan Tiyatrosu - Siracusa,ACTIVITY
513,CASA BATLLO,ACTIVITY
514,Ihlara Vadisi,ACTIVITY
515,Novi Sad Gezisi,ACTIVITY
516,Palazzo Manfrin,ACTIVITY
517,Girona Gotik Katedrali,ACTIVITY
518,Barossa Valley Şarap Bağları,ACTIVITY
519,Cesky Krumlov şehir turu,ACTIVITY
520,Domenico Modugno Heykeli - Polignano a Mare,ACTIVITY
521,Thonburi Kanalları tekne turu,ACTIVITY
522,Vezüv Yanardağı,ACTIVITY
523,El Alamillo Köprüsü,ACTIVITY
524,Golden Triangle Gezisi,ACTIVITY
525,ACROPOLIS TOUR,ACTIVITY
526,Jaipur City Palace ziyareti,ACTIVITY
527,Maniace Kalesi,ACTIVITY
528,Sunset Electric Dragon Boat Experience - Jubail Mangrove Park,ACTIVITY
529,Sun Yat Sen’in Müze Evi,ACTIVITY
530,Lee Ufan Müzesi,ACTIVITY
531,Vespa ile gece turu ve Banh Xeo tadımı,ACTIVITY
532,Piazza del Municipio - Forza d’Agrò,ACTIVITY
533,Musevi Mahallesi - Córdoba,ACTIVITY
534,Ortigia Roma Amfi Tiyatrosu,ACTIVITY
535,Arashiyama bölgesi ziyareti,ACTIVITY
536,Sevilla şehir turu,ACTIVITY
537,Wadi Rum çöl safarisi,ACTIVITY
538,Balon Turu,ACTIVITY
539,Old Town,ACTIVITY
540,Udaipur City Palace ziyareti,ACTIVITY
541,Midyat şehir turu,ACTIVITY
542,ROMAN FORUM,ACTIVITY
543,Amalfi Kasabası Gezisi,ACTIVITY
544,Husky Safari,ACTIVITY
545,Belediye Binası,ACTIVITY
546,Cheverny Şatosu,ACTIVITY
547,Taşkınpaşa Medresesi,ACTIVITY
548,Wat Suan Dok Tapınağı,ACTIVITY
549,Grand Palace & Wat Phra Kaew - Bangkok,ACTIVITY
550,Palazzo dei Celestini - Lecce,ACTIVITY
551,San Giuseppe Kilisesi - Lecce,ACTIVITY
552,Senado Meydanı,ACTIVITY
553,Mumbai şehir turu,ACTIVITY
554,BLUE MOSQUE,ACTIVITY
555,Castel dell’Ovo,ACTIVITY
556,Naiku ve Geku Shinto tapınakları ziyareti,ACTIVITY
557,Sydney Opera Binası & Harbour Bridge,ACTIVITY
558,La Sagrada Familia,ACTIVITY
559,Strathisla Distillery,ACTIVITY
560,Mori Sanat Müzesi ve Sky Deck ziyareti,ACTIVITY
561,Masai Mara Safari,ACTIVITY
562,Centro Histórico,ACTIVITY
563,Iguazú Şelaleleri,ACTIVITY
564,Rancho San Vicente restoranda öğle yemeği,ACTIVITY
565,Sabah ve Akşam Safarileri,ACTIVITY
566,Belgrad Şehir Gezisi,ACTIVITY
567,Saint Nicholas Bazilikası,ACTIVITY
568,Kaymaklı Yeraltı Şehri,ACTIVITY
569,Santa Maria dello Spasimo Kilisesi,ACTIVITY
570,Naoshima & Teshima sanat adaları gezisi,ACTIVITY
571,Hanoi’de pedallı taksi (rikşov) gezisi,ACTIVITY
572,Delhi şehir turu,ACTIVITY
573,Siracusa Arkeoloji Parkı,ACTIVITY
574,Gaia Şarap Evleri,ACTIVITY
575,Royal Barge Ulusal Müzesi - Bangkok,ACTIVITY
576,Modica ve Ragusa turları,ACTIVITY
577,Bundi Palace ve Chitra Shala gezisi,ACTIVITY
578,Macuco Safarisi,ACTIVITY
579,Palais des Papes ziyareti,ACTIVITY
580,Cape Town şehir turu,ACTIVITY
581,Piazza Duomo,ACTIVITY
582,COLOSSEUM,ACTIVITY
583,Coyoacán & Frida Kahlo Müzesi,ACTIVITY
584,Yucatan Valilik Sarayı duvar resimleri ziyareti,ACTIVITY
585,Valletta şehir turu,ACTIVITY
586,Partal,ACTIVITY
587,Stellenbosch Şarap Evleri,ACTIVITY
588,Plaza Catalunya,ACTIVITY
589,"Senglea, Vittoriosa ve Cospicua üçlü gezisi",ACTIVITY
590,Sedile Dominova,ACTIVITY
591,Yangon şehir turu,ACTIVITY
592,Matjiesfontein Köyü,ACTIVITY
593,Palermo Soho,ACTIVITY
594,Şarap tadımları,ACTIVITY
595,Parque de Santa Lucía,ACTIVITY
596,Sokullu Mehmet Paşa Çeşmesi,ACTIVITY
597,Ulu Camii ziyareti,ACTIVITY
598,Matera Kiliseleri ve Mağaraları,ACTIVITY
599,Plaza de Mayo,ACTIVITY
600,Museum of the Future,ACTIVITY
601,La Boca,ACTIVITY
602,Sorakuen Bahçesi ve Kobe eski yerleşim yeri gezisi,ACTIVITY
603,Wat Arun (Şafak Tapınağı) ziyareti,ACTIVITY
604,Franschhoek Motor Müzesi,ACTIVITY
605,Gaztetape Plajı - Getaria,ACTIVITY
606,Ulusal Saray ve Diego Rivera duvar resimleri ziyareti,ACTIVITY
607,İstanbul – Katanya uçuşu TK 1395,ACTIVITY
608,Dominicans of Santo Domingo,ACTIVITY
609,Tokyo şehir turu,ACTIVITY
610,Museum of Yugoslav History,ACTIVITY
611,Galleria dell’Accademia,ACTIVITY
612,Sao Conrado Plajı,ACTIVITY
613,Salzburg Kalesi,ACTIVITY
614,Palacio de Bellas Artes,ACTIVITY
615,Pompei Şehri Ziyareti,ACTIVITY
616,Luxor East Bank Gezisi,ACTIVITY
617,Game Drives - Masai Mara,ACTIVITY
618,Cattedrale di San Giovanni Battista,ACTIVITY
619,Santa Maria del Fiore Katedrali,ACTIVITY
620,Şirince Köyü,ACTIVITY
621,Siracusa ve Noto ziyaretleri,ACTIVITY
622,Gordes Gezisi,ACTIVITY
623,Phuket sahil tatili,ACTIVITY
624,Zurriola Plajı,ACTIVITY
625,Blue Mountains Gezisi,ACTIVITY
626,Reindeer Safari,ACTIVITY
627,The Rocks,ACTIVITY
628,Sorrento Peninsula Arkeoloji Müzesi,ACTIVITY
629,Elhamra Sarayı gezisi,ACTIVITY
630,Hondarribia Eski Şehir ve Surlar,ACTIVITY
631,Tango Gösterisi - Buenos Aires,ACTIVITY
632,Franschhoek ve Stellenbosch şarap bağları gezisi,ACTIVITY
633,Taktsang (Tiger’s Nest) Manastırı - Paro,ACTIVITY
634,Hanoi By Night turu,ACTIVITY
635,Ravello - Villa Rufolo,ACTIVITY
636,Siena şehir turu,ACTIVITY
637,Chianti bölgesinde üzüm bağları ve köyler,ACTIVITY
638,Mérida şehir turu,ACTIVITY
639,Alcazaba,ACTIVITY
640,Midnight Sun Safari,ACTIVITY
641,Palais des ducs de Bourgogne - Dijon,ACTIVITY
642,Château de Chenonceau,ACTIVITY
643,Wong Tai Sin Tapınağı - Hong Kong,ACTIVITY
644,Monkey Park Iwatayama,ACTIVITY
645,Tenryu-ji Tapınağı,ACTIVITY
646,Thimphu Şehir Turu,ACTIVITY
647,Kayaking özel turu,ACTIVITY
648,Santa Croce Bazilikası - Lecce,ACTIVITY
649,Huguenot Anıt Müzesi,ACTIVITY
650,Dubai Creek – Old Town,ACTIVITY
651,Palazzo Reale,ACTIVITY
652,Santa Claus Village Gezisi,ACTIVITY
653,Piazza dei Dogi,ACTIVITY
654,Snowmobile Safari,ACTIVITY
655,Hyde Park,ACTIVITY
656,Water Puppet gösterisi,ACTIVITY
657,Flinders Chase National Park,ACTIVITY
658,Poble Espanyol gezisi,ACTIVITY
659,Küba sokaklarında klasik Amerikan arabalarıyla gezi,ACTIVITY
660,Igueldo Tepesi - San Sebastián,ACTIVITY
661,Golden Triangle bölgesi gezisi,ACTIVITY
662,Alberobello Trulli Evleri,ACTIVITY
663,Fikirbayır,ACTIVITY
664,San Ildefonso Katedrali,ACTIVITY
665,Art House Project,ACTIVITY
666,L'Isle-sur-la-Sorgue Gezisi,ACTIVITY
667,Masai Mara’da safari ve game drive aktiviteleri,ACTIVITY
668,Surfers Paradise - Gold Coast,ACTIVITY
669,Jodhpur Mehrangarh Kalesi ziyareti,ACTIVITY
670,Santiago Katedrali,ACTIVITY
671,Karlovy Vary gezisi,ACTIVITY
672,Varanasi’de Ganj Nehri kıyısında Aarti töreni,ACTIVITY
673,Amber Fort,ACTIVITY
674,Chiang Rai Gezisi,ACTIVITY
675,Notre-Dame Kilisesi - Dijon,ACTIVITY
676,Bo Sang Köyü,ACTIVITY
677,Sugar Loaf Dağı,ACTIVITY
678,Sevilla Katedrali,ACTIVITY
679,Franklin Meydanı - Hobart,ACTIVITY
680,Plaza Grande,ACTIVITY
681,Savoca köyü gezisi,ACTIVITY
682,Giraffe Centre ziyareti,ACTIVITY
683,National Art Centre,ACTIVITY
684,La Rambla,ACTIVITY
685,Picasso Pavilion sergisi,ACTIVITY
686,Güney Afrika'nın İlk Parfüm Müzesi,ACTIVITY
687,Rue de la Liberté - Dijon,ACTIVITY
688,Saint-Bénigne Katedrali - Dijon,ACTIVITY
689,Sydney Opera House,ACTIVITY
690,Deve Gezisi - Piramitler,ACTIVITY
691,Elhamra Sarayı,ACTIVITY
692,Benedictine Manastırı - Cluny,ACTIVITY
693,Saigon şehir turu,ACTIVITY
694,Kasuga Taisha,ACTIVITY
695,San Telmo Semti,ACTIVITY
696,Merkez Postane,ACTIVITY
697,Necati Cumali Anı Evi,ACTIVITY
698,Alman Kasabası Hahndorf,ACTIVITY
699,Soweto gezisi ve Nelson Mandela’nın Evi ziyareti,ACTIVITY
700,Villandry Şatosu,ACTIVITY
701,Malkorbe Plajı - Getaria,ACTIVITY
702,Lamborghini Müzesi gezisi,ACTIVITY
703,Kowloon Turu,ACTIVITY
704,Roussillon Gezisi,ACTIVITY
705,Benesse House,ACTIVITY
706,Å köyü gezisi,ACTIVITY
707,James Turrell enstalasyonu ziyareti,ACTIVITY
708,Plaza de Mayo - Buenos Aires,ACTIVITY
709,Sydney Köprüsü,ACTIVITY
710,Mount Wellington,ACTIVITY
711,Anayasa Limanı - Hobart,ACTIVITY
712,Foz do Douro,ACTIVITY
713,Hawa Mahal,ACTIVITY
714,Camera Obscura & World of Illusions,ACTIVITY
715,Cape Point & Ümit Burnu,ACTIVITY
716,Six Bridges Tekne Turu,ACTIVITY
717,Giza Piramitleri,ACTIVITY
718,Öğleden sonra safari,ACTIVITY
719,Ananda ve Gubyaukgyi tapınakları ziyareti,ACTIVITY
720,Uffizi Galerisi,ACTIVITY
721,Tam gün safari,ACTIVITY
722,Les Baux-de-Provence Gezisi,ACTIVITY
723,Ayasofya,ACTIVITY
724,Ulusal Müze,ACTIVITY
725,Royal Compound,ACTIVITY
726,Piazza Tasso,ACTIVITY
727,Kahire şehir gezisi,ACTIVITY
728,Quai de l’Infante - Saint-Jean-de-Luz,ACTIVITY
729,OLD TOWN WALK,ACTIVITY
730,Ben Thanh Pazarı ve Nguyen Hue caddelerinde alışveriş,ACTIVITY
731,Realejo Mahallesi,ACTIVITY
732,New Year's Eve Celebration - The Restaurant at Address Dubai Mall,ACTIVITY
733,Doğu Bahçeler,ACTIVITY
734,EIFFEL TOWER,ACTIVITY
735,Venedik Bienali ülke pavyonları turu,ACTIVITY
736,Sanat atölyeleri ve butik mağazalar,ACTIVITY
737,Bali’de tapınak ziyaretleri ve sahil aktiviteleri,ACTIVITY
738,Vinales tütün tarlaları ve çiftlik ziyareti,ACTIVITY
739,Meiji Tapınağı,ACTIVITY
740,Comendadoras de Santiago,ACTIVITY
741,Fitzroy Gardens & Captain Cook’un Evi,ACTIVITY
742,Altın Kule (Torre del Oro),ACTIVITY
743,Etna Yanardağı,ACTIVITY
744,Stambol Kapısı,ACTIVITY
745,Temple of Literature ziyareti,ACTIVITY
746,Tierra del Fuego Milli Parkı - Ushuaia,ACTIVITY
747,Volcanoes & Temples Turu (Helikopter),ACTIVITY
748,Santa Catarina Caddesi,ACTIVITY
749,Loch Ness,ACTIVITY
750,Basilica di Sant’Antonino,ACTIVITY
751,Cape Town Belediye Binası,ACTIVITY
752,Atlı Kızak Turu (St Wolfgang),ACTIVITY
753,Guggenheim Müzesi - Bilbao,ACTIVITY
754,SOFIA OLD TOWN,ACTIVITY
755,Masa Dağı,ACTIVITY
756,"Siem Reap (Angkor) gezisi: Angkor Thom, Bayon Tapınağı, Baphuon, Kraliyet Sarayı, Fil Terası",ACTIVITY
757,Palazzo della Cancelleria,ACTIVITY
758,Punakha Dzong - Punakha,ACTIVITY
759,Munch Müzesi,ACTIVITY
760,Macau Kulesi,ACTIVITY
761,Frieze London fuarı gezisi,ACTIVITY
762,Bishnoi köyü safari gezisi,ACTIVITY
763,Plaza España,ACTIVITY
764,Salzberg Dağı & Tuz Madeni Ziyareti,ACTIVITY
765,Boulders Penguen Kolonisi,ACTIVITY
766,Geisha & Maiko Gösterisi,ACTIVITY
767,Cape Winelands bölgesi ziyareti,ACTIVITY
768,"Hanoi şehir turu: Opera Binası, Edebiyat Tapınağı, Etnoloji Müzesi, Eski Mahalle",ACTIVITY
769,Place Louis XIV - Saint-Jean-de-Luz,ACTIVITY
770,Boulders Beach penguen kolonisi ziyareti,ACTIVITY
771,Shinjuku Gyoen Park,ACTIVITY
772,Nara Park,ACTIVITY
773,Hoi An yürüyüş turu,ACTIVITY
774,Carrières de Lumières ziyareti,ACTIVITY
775,Clos de Lucé,ACTIVITY
776,New York şehir turu (müze ve meydanlar),ACTIVITY
777,Pompei Antik Kenti,ACTIVITY
778,Bari Şehir Gezisi,ACTIVITY
779,La Casa de Salvador Dalí - Port Lligat gezisi,ACTIVITY
780,Hong Kong Miras Müzesi,ACTIVITY
781,Damat Ali Paşa Türbesi,ACTIVITY
782,Giralda Kulesi,ACTIVITY
783,Laxmi Narayan Tapınağı,ACTIVITY
784,Orvieto Katedrali,ACTIVITY
785,Piazza della Signoria,ACTIVITY
786,Tijuca Ormanı ve Vista Chinesa,ACTIVITY
787,Sainte-Madeleine Kilisesi,ACTIVITY
788,Şarap Mahzenleri,ACTIVITY
789,Taormina Gezisi,ACTIVITY
790,Mucem Müzesi ziyareti,ACTIVITY
791,Alcázar - Sevilla,ACTIVITY
792,Shwedagon Pagoda ziyareti,ACTIVITY
793,Camps Bay Plajı,ACTIVITY
794,Saint Jean De Luz Gezisi,ACTIVITY
795,Tuna Nehri Tekne Gezisi,ACTIVITY
796,Tours Şehri Gezisi,ACTIVITY
797,Crystal Gallery,ACTIVITY
798,Yves Saint Laurent Müzesi ziyareti,ACTIVITY
799,Wat Pho Tapınağı - Bangkok,ACTIVITY
800,Nha Trang sahil tatili ve dinlenme,ACTIVITY
801,Parlamento ve Hazine Binası - Melbourne,ACTIVITY
802,Kar Ayakkabısı Yürüyüşü,ACTIVITY
803,Kızıl Vadi,ACTIVITY
804,Two Oceans Aquarium,ACTIVITY
805,Mori Art Museum,ACTIVITY
806,Cortona Tarihi Sokaklar,ACTIVITY
807,Duomo di Napoli,ACTIVITY
808,Wat Pho Tapınağı,ACTIVITY
809,Cristóbal Balenciaga Museoa - Getaria,ACTIVITY
810,"09 Kasım 2022: Bairro Alto Hotel transfer, check-in ve serbest zaman",ACTIVITY
811,Casa Montejo ziyareti,ACTIVITY
812,Chandni Chowk,ACTIVITY
813,Museum of Contemporary Art,ACTIVITY
814,Forte dei Marmi sahil tatili,ACTIVITY
815,Ragusa Ibla,ACTIVITY
816,Recoleta Mezarlığı,ACTIVITY
817,Boulders Beach - Penguenler,ACTIVITY
818,Cumhurbaşkanlığı Sarayı,ACTIVITY
819,Hakone Açık Hava Müzesi,ACTIVITY
820,Teatro Greco,ACTIVITY
821,Château de Blois,ACTIVITY
822,Amanhã (Yarının Müzesi),ACTIVITY
823,Ballindalloch Castle & Gardens,ACTIVITY
824,Fushimi Inari Tapınağı ziyareti,ACTIVITY
825,Ortigia Adası,ACTIVITY
826,Tanju Okan Parkı,ACTIVITY
827,Urla Sanat Sokağı,ACTIVITY
828,Bangkok’ta Grand Palace & Wat Phra Kaew ziyareti,ACTIVITY
829,Coyoacan köyü ziyareti,ACTIVITY
830,Antinori nel Chianti Classico Şaraphanesi,ACTIVITY
831,Soğanlı Vadisi,ACTIVITY
832,Casa del Rey Moro,ACTIVITY
833,Hadrian Tapınağı,ACTIVITY
834,Kar Bisikleti Turu,ACTIVITY
835,Öğle Safarisi,ACTIVITY
836,Chichu Sanat Müzesi,ACTIVITY
837,Plaza Manuel Tolsá,ACTIVITY
838,COLOSSEUM TOUR,ACTIVITY
839,Biarritz Şehir Turu,ACTIVITY
840,Ferrari World Abu Dhabi – Driving Experience,ACTIVITY
841,Plaza Dorrego,ACTIVITY
842,Phaung Daw Oo Pagoda ziyareti,ACTIVITY
843,"Louvre Museum, Abu Dhabi",ACTIVITY
844,Eglise Saint-Jean-Baptiste - Saint-Jean-de-Luz,ACTIVITY
845,Marakeş şehir gezisi,ACTIVITY
846,Kukulkan Piramidi,ACTIVITY
847,Nesin Matematik Köyü,ACTIVITY
848,Bangkok Şehir Gezisi,ACTIVITY
849,"Ho Chi Minh şehir turu: Reunification Palace, War Remnants Museum, Cho Lon, Thien Hau Tapınağı, Notre Dame Katedrali, Posta Merkezi, Belediye Tiyatrosu",ACTIVITY
850,Mardin şehir turu,ACTIVITY
851,Ferrari Müzesi ziyareti ve test sürüşü,ACTIVITY
852,Biarritz Gezisi,ACTIVITY
853,City Palace - Jaipur,ACTIVITY
854,Kimberley Diamond Mine & Big Hole,ACTIVITY
855,Ise Shima bölgesi gezisi,ACTIVITY
856,Kursaal Oditoryumu - San Sebastián,ACTIVITY
857,Humayun’un Türbesi ziyareti,ACTIVITY
858,Paddington,ACTIVITY
859,Jardin Majorelle Bahçeleri gezisi,ACTIVITY
860,Planetarium,ACTIVITY
861,"Ho Chi Minh şehir turu: China Town, Thien Hau Tapınağı, Notre Dame Katedrali, Posta Merkezi, Belediye Tiyatrosu",ACTIVITY
862,Prado Caddesi ziyareti,ACTIVITY
863,Skaftafell National Park,ACTIVITY
864,Bergen Market Square & Balık Pazarı,ACTIVITY
865,Loire Vadisi Şarap Bağları,ACTIVITY
866,TIMES SQUARE,ACTIVITY
867,Liberdade Meydanı,ACTIVITY
868,Bangkok şehir turu,ACTIVITY
869,Les Deux Garçons’da kahve molası,ACTIVITY
870,Fondation Vincent van Gogh Arles ziyareti,ACTIVITY
871,Hallstatt Gezisi,ACTIVITY
872,Mount Nebo ve Madaba ziyareti,ACTIVITY
873,São Francisco Kilisesi,ACTIVITY
874,La Boca Semti,ACTIVITY
875,Malgaca Pazarı,ACTIVITY
876,Kiyomizu Tapınağı,ACTIVITY
877,Nishiki Pazarı ziyareti,ACTIVITY
878,Arles şehir gezisi,ACTIVITY
879,Aziz Sava Kilisesi,ACTIVITY
880,Sala’s Camp konaklamasında vahşi yaşam deneyimleri,ACTIVITY
881,Taormina şehir turu,ACTIVITY
882,Beagle Kanalı - Ushuaia,ACTIVITY
883,Polignano a Mare Gezisi,ACTIVITY
884,Macau Müzesi,ACTIVITY
885,La Bretxa Food Market - San Sebastián,ACTIVITY
886,War Remnants Museum ziyareti,ACTIVITY
887,Saint-Rémy-de-Provence Gezisi,ACTIVITY
888,LOUVRE MUSEUM,ACTIVITY
889,Monte Urgull - San Sebastián,ACTIVITY
890,Château La Coste sanat ve mimari gezisi,ACTIVITY
891,Plaza Corredera - Córdoba,ACTIVITY
892,High Dam,ACTIVITY
893,Cape Point gezisi,ACTIVITY
894,Jökulsárlón Glacier Lagoon,ACTIVITY
895,Kom Ombo Tapınağı,ACTIVITY
896,Syracuse Katedrali,ACTIVITY
897,Cape Horn,ACTIVITY
898,La Motte Şarap Tadımı,ACTIVITY
899,Palermo,ACTIVITY
900,Arethusa Çeşmesi,ACTIVITY
901,Todai-ji Tapınağı ziyareti,ACTIVITY
902,Serralves Müzesi,ACTIVITY
903,Wat Rong Khun,ACTIVITY
904,"Mekong Deltası bot turu, tropik meyve bahçeleri, noodle yapımı",ACTIVITY
905,Agzikarahan Kervansarayı,ACTIVITY
906,Sultan Hassan Camii,ACTIVITY
907,Alcazar Kalesi - Córdoba,ACTIVITY
908,Duomo Meydanı - Ortigia,ACTIVITY
909,Fundació Suñol ziyareti,ACTIVITY
910,Cristo Redentor Heykeli - Corcovado,ACTIVITY
911,Lecce Şehir Gezisi,ACTIVITY
912,Damnoen Saduak yüzen pazar ziyareti (Bangkok),ACTIVITY
913,Antoni Tàpies Müzesi ziyareti,ACTIVITY
914,Büyük Giza Sfenksi,ACTIVITY
915,Pichola Gölü,ACTIVITY
916,Svolvær gezisi,ACTIVITY
917,Volvo etkinlikleri,ACTIVITY
918,Chichen Itza,ACTIVITY
919,Tra Que Organic Village bisiklet turu,ACTIVITY
920,Casa Rosada,ACTIVITY
921,Selime Köyü,ACTIVITY
922,Hyde Park Barracks - Sydney,ACTIVITY
923,Nelson Mandela Meydanı gezisi,ACTIVITY
924,Parmesan peyniri tadımı,ACTIVITY
925,Peninsula Valdes - Puerto Madryn,ACTIVITY
926,L’Isle-sur-la-Sorgue Gezisi,ACTIVITY
927,Saint-Baudèle Kilisesi,ACTIVITY
928,"Giza Piramitleri gezisi (Keops, Kefren, Mikerinos)",ACTIVITY
