name,label
"09 Kasım 2022: Bairro Alto Hotel transfer, check-in ve serbest zaman",ACTIVITY
09 Kasım 2022: İstanbul – Lizbon uçuşu (TK 1759),ACTIVITY
1950’lerden kalma Amerikan arabaları ile Havana turu,ACTIVITY
2018-11-14,DATE_START
2018-11-21,DATE_END
2022-07-08,DATE_START
2022-07-19,DATE_END
2023-12-06,DATE_START
2023-12-16,DATE_END
2024-01-08,DATE_START
2024-01-15,DATE_END
2024-01-17,DATE_END
2024-04-06,DATE_START
2024-04-13,DATE_END
2024-04-20,DATE_START
2024-04-25,DATE_END
2025-01-04,DATE_START
2025-01-19,DATE_START
2025-01-22,DATE_END
2025-01-22,DATE_START
2025-01-24,DATE_END
2025-01-30,DATE_END
2025-02-05,DATE_START
2025-02-18,DATE_END
2025-04-20,DATE_START
2025-04-23,DATE_END
2025-05-04,DATE_START
2025-05-07,DATE_END
2025-05-18,DATE_START
2025-05-24,DATE_END
2025-06-20,DATE_START
2025-06-23,DATE_END
2025-06-24,DATE_END
2025-08-04,DATE_START
2025-08-08,DATE_END
2025-08-18,DATE_START
2025-08-25,DATE_END
2025-09-12,DATE_START
2025-09-15,DATE_END
2025-09-21,DATE_START
2025-09-23,DATE_END
2025-10-03,DATE_START
2025-10-06,DATE_END
2025-10-07,DATE_START
2025-10-11,DATE_END
2025-11-09,DATE_START
2025-11-11,DATE_END
2025-12-07,DATE_START
2025-12-16,DATE_END
2025-12-20,DATE_START
2025-12-25,DATE_END
2025-12-25,DATE_START
2025-12-29,DATE_END
2026-01-03,DATE_END
2026-01-25,DATE_START
59. Venedik Bienali,TRIP
ACE Hotel Kyoto,HOTEL
AMALFI TURU 20 – 23 HAZİRAN,TRIP
AMALFI TURU 20 – 24 HAZİRAN,TRIP
ARLES TURU 03 – 06 EKİM,TRIP
ATHENS,CITY
ATHENS PLAZA HOTEL,HOTEL
AVUSTRALYA & YENİ ZELANDA TURU 14 ARALIK – 3 OCAK,TRIP
AYASOFYA CAMII,ACTIVITY
Abbaye Sainte-Marie-Madeleine - Vézelay,ACTIVITY
Abu Dhabi,CITY
Abu Dhabi,HIGHLIGHT
Abu Dhabi – Ras Al Khaimah transferi,TRANSPORT
Ada içi özel araç transferleri,TRANSPORT
"Address Dubai Mall, Dubai",HOTEL
Adelaide,CITY
Adelaide - Brisbane İç Hat Uçuşu,TRANSPORT
Aerolineas Argentinas AR1783 Iguazú - Buenos Aires,TRANSPORT
Aeroméxico AM826D,TRANSPORT
Ai Weiwei sergisi,ACTIVITY
Air India AI406,TRANSPORT
Air Kenya iç hat uçuşu,TRANSPORT
Aix-en-Provence,CITY
Aix-en-Provence,HIGHLIGHT
Alberobello,CITY
Alberobello,HIGHLIGHT
Alberobello Trulli Evleri,ACTIVITY
Alcazar Kalesi - Córdoba,ACTIVITY
Alcázar - Sevilla,ACTIVITY
Alegra Benardete ile Sicilya’da Nefes,TRIP
Alman Kasabası Hahndorf,ACTIVITY
Almanac Barcelona,HOTEL
Almanya,COUNTRY
Amalfi,CITY
Amalfi Kasabası Gezisi,ACTIVITY
Amboise,CITY
Amboise Şatosu,ACTIVITY
Amerika Birleşik Devletleri,COUNTRY
Amman,CITY
Amman,HIGHLIGHT
Amman şehir turu,ACTIVITY
"Anantara Golden Triangle, Chiang Rai",HOTEL
Anayasa Limanı - Hobart,ACTIVITY
Antico Ristorante Paoli 1827,RESTAURANT
Antinori nel Chianti Classico Şaraphanesi,ACTIVITY
Arctic Restaurant,RESTAURANT
Arctic TreeHouse Hotel,HOTEL
Arjantin,COUNTRY
Arjantin,HIGHLIGHT
Arjantin Gezisi,TRIP
Arles,CITY
Arles,HIGHLIGHT
Arles Gezisi,ACTIVITY
Arles Luma Müzesi ziyareti,ACTIVITY
Arles şehir gezisi,ACTIVITY
Arsenale ana sergi turu,ACTIVITY
Artemis Restaurant ve Şarapevi,RESTAURANT
Arusha,CITY
Aswan,CITY
Atlantis The Royal,HOTEL
Atlı Kızak Turu (St Wolfgang),ACTIVITY
Auberge de la Madone - Fleurie,RESTAURANT
Aubergine Restaurant,RESTAURANT
Auckland,CITY
Auckland Şehir Gezisi,ACTIVITY
Aurora Borealis Macerası,ACTIVITY
Avarum Restaurant,RESTAURANT
Avignon,CITY
Avignon,HIGHLIGHT
Avignon Gezisi,ACTIVITY
Avustralya,COUNTRY
Avustralya,HIGHLIGHT
Avustralya Gezisi,TRIP
Avustralya – Yeni Zelanda,TRIP
Avusturya,COUNTRY
Aziz Paulo Katedrali Harabesi - Macau,ACTIVITY
BAE Gezisi - Fuat Pamukçu,TRIP
BALI & BANGKOK TURU 18 TEMMUZ – 06 AĞUSTOS,TRIP
BALKAN CULTURE TOUR 2025,TRIP
BALKANS 2025,TRIP
BALKANS LOOP 2025,TRIP
BARCELONA,CITY
BARCELONA ARCHITECTURE 2024,TRIP
BARCELONA TURU 09 – 11 KASIM,TRIP
BELGRAD TURU 21 – 23 EYLÜL,TRIP
BIG BEN,ACTIVITY
BILBAO & SAN SEBASTIAN TURU 12 – 15 EYLÜL,TRIP
BLUE MOSQUE,ACTIVITY
BOAT,TRANSPORT
BREZİLYA – ARJANTİN – ŞİLİ TURU 04 – 22 OCAK,TRIP
BRITISH MUSEUM,ACTIVITY
BRUGGE & LOIRE TURU 20 – 23 NİSAN,TRIP
BULGARIA,COUNTRY
BUS,TRANSPORT
Babel Hotel,HOTEL
Babylonstoren Hotel,HOTEL
Bagan,CITY
Bagan,HIGHLIGHT
Bagan tapınakları gezisi,ACTIVITY
"Bairro Alto Hotel, Praça Luís de Camões, 2 1200",HOTEL
Bali,CITY
Bali,HIGHLIGHT
Bali’de tapınak ziyaretleri ve sahil aktiviteleri,ACTIVITY
Ballarat,CITY
Bangkok,CITY
Bangkok,HIGHLIGHT
Bangkok & Hong Kong Gezisi,TRIP
Bangkok Kanalları Gezisi,ACTIVITY
Bangkok kanal turu (Thonburi Klongs) ve Chao Phraya Nehri gezisi,ACTIVITY
Bangkok Şehir Gezisi,ACTIVITY
Bangkok şehir turu,ACTIVITY
Bangkok şehir turu ve alışveriş aktiviteleri,ACTIVITY
"Bangkok şehir turu: Wat Arun, Wat Pho, Çin Mahallesi",ACTIVITY
Bangkok – Bali uçuşu,TRANSPORT
"Bangkok – Chiang Rai uçuşu (PG231, Bangkok Airways)",TRANSPORT
"Bangkok – Danang uçuşu (PG222, Bangkok Airways)",TRANSPORT
Bangkok – İstanbul dönüş uçuşu (THY 69),TRANSPORT
Bangkok – İstanbul uçuşu (THY69),TRANSPORT
"Bangkok – İstanbul uçuşu (TK 65, Türk Hava Yolları)",TRANSPORT
Bangkok’ta Grand Palace & Wat Phra Kaew ziyareti,ACTIVITY
Barcelona,CITY
BarcelonaMilona,RESTAURANT
Barceloneta Restoran,RESTAURANT
Bari,CITY
Bari Şehir Gezisi,ACTIVITY
Barossa Valley,CITY
Barossa Valley Şarap Bağları,ACTIVITY
Barselona,CITY
Barselona,HIGHLIGHT
Barselona Gezisi,TRIP
Barselona içi transferler,TRANSPORT
Batalha Meydanı,ACTIVITY
Beach Restaurant (The Surin),RESTAURANT
"Beach Restaurant, The Surin (Phuket)",RESTAURANT
Beach Villa with Pool,HOTEL
Beagle Kanalı - Ushuaia,ACTIVITY
Beaujolais Şarap Bağları - Fleurie,ACTIVITY
Beaune,CITY
Beaune,HIGHLIGHT
Beffroi Meydanı - Nuits-Saint-Georges,ACTIVITY
Belgrad,CITY
Belgrad Şehir Gezisi,ACTIVITY
Belisirma Nehir Kenarı Restoran,RESTAURANT
Belmond La Résidence d’Angkor,HOTEL
Belmond Miraflores Park (Lima),HOTEL
Belmond Road to Mandalay Cruise,HOTEL
Belçika,COUNTRY
Benedictine Manastırı - Cluny,ACTIVITY
Benesse House,ACTIVITY
Benesse House,HOTEL
Berchtesgaden,CITY
Bergen,CITY
Bergen Børs Hotel,HOTEL
Bergen Market Square & Balık Pazarı,ACTIVITY
Bhaktapur,CITY
Bhaktapur - Katmandu,ACTIVITY
Bhaya Cruise (Lan Ha Bay / Ha Long),HOTEL
Bhutan,COUNTRY
Bhutan,HIGHLIGHT
Bhutan & Nepal Gezisi,TRIP
Biarritz,CITY
Biarritz,HIGHLIGHT
Biarritz Gezisi,ACTIVITY
Biarritz Grande Plage,ACTIVITY
Biarritz Şehir Turu,ACTIVITY
Bilbao,CITY
Bilbao,HIGHLIGHT
Bilbao & San Sebastián Gezisi,TRIP
Bilbao Şehir Turu,ACTIVITY
Birleşik Arap Emirlikleri,COUNTRY
Bisate Lodge,HOTEL
Blois,CITY
Blue Lagoon,ACTIVITY
Bo-Kaap Mahallesi,ACTIVITY
Boavista,ACTIVITY
Bogotá,CITY
Bogotá,HIGHLIGHT
Bogotá şehir turu,ACTIVITY
Bologna,CITY
Bologna,HIGHLIGHT
Bologna Havalimanı – Toskana otel transferi,TRANSPORT
Bologna Havalimanı – şehir içi transfer,TRANSPORT
Bologna Havalimanı – şehir merkezi transferi,TRANSPORT
"Bologna şehir turu (Piazza Maggiore, Basilica di San Petronio, Fontana di Nettuno, Palazzo Communale)",ACTIVITY
Bologna – İstanbul uçuşu (Türk Hava Yolları),TRANSPORT
Bologna – şehir içi transferler,TRANSPORT
Borgo Santo Pietro,HIGHLIGHT
Borgo Santo Pietro,HOTEL
Botanik Bahçeleri - Sydney,ACTIVITY
Boulders Beach - Penguenler,ACTIVITY
Brezilya,COUNTRY
Brezilya,HIGHLIGHT
Brezilya & Arjantin Gezisi,TRIP
Brijrama Palace,HOTEL
Brisbane,CITY
Brisbane Şehir Turu,ACTIVITY
Brugge,CITY
Brugge Gezisi,ACTIVITY
Bryggen Tracteursted,RESTAURANT
Buca Lapi,RESTAURANT
Buca Mario,RESTAURANT
Buenos Aires,CITY
Buenos Aires,HIGHLIGHT
Buenos Aires Modern Sanat Müzesi,ACTIVITY
Buenos Aires Restaurant Önerileri,RESTAURANT
Buitenverwachting Restaurant,RESTAURANT
Bukhara - ITC Maurya Hotel,RESTAURANT
Burgonya Gezisi,TRIP
Bölge içi kara transferleri,TRANSPORT
Bölge içi kara transferleri ve araç kiralama,TRANSPORT
Büyük Mısır Müzesi,ACTIVITY
CAPPADOCIA,CITY
CAPPADOCIA DREAM 2023,TRIP
CASA BATLLO,ACTIVITY
CENTRAL PARK,ACTIVITY
COLOSSEUM,ACTIVITY
COMO Castello del Nero,HIGHLIGHT
COMO Castello del Nero,HOTEL
Cadaques,CITY
Cafe Iruña,RESTAURANT
Cafe Sacher Salzburg,RESTAURANT
Café Tadoa Ando,RESTAURANT
Cam Igloo Deneyimi,ACTIVITY
Camps Bay Plajı,ACTIVITY
Canberra,CITY
Canberra Şehir Turu,ACTIVITY
Cancun,CITY
Cancun,HIGHLIGHT
Cancún,CITY
Cancún,HIGHLIGHT
Canne Bianche Lifestyle & Hotel,HOTEL
Cape Horn,ACTIVITY
Cape Horn,CITY
Cape Point,ACTIVITY
Cape Point,HIGHLIGHT
Cape Town,CITY
Cape Town,HIGHLIGHT
Cape Town & Masa Dağı Gezisi,ACTIVITY
Cape Town Belediye Binası,ACTIVITY
Cape Town Gezisi,TRIP
Cape Town Graffiti Street Art Turu,ACTIVITY
Cape Town V&A Waterfront gezisi,ACTIVITY
Cape Town Şehir Gezisi,ACTIVITY
Cape Town şehir turu,ACTIVITY
Cape Town şehir turu ve çevre gezileri,ACTIVITY
Capella Bangkok Hotel,HOTEL
Carpe Diem Beach Club,RESTAURANT
Cartagena,CITY
Cartagena,HIGHLIGHT
Cartagena eski şehir gezisi,ACTIVITY
Casa Di Melo Otel,HOTEL
Casa Milà,ACTIVITY
Casa de Chá de Boa Nova,RESTAURANT
Casino Municipal - Biarritz,ACTIVITY
Central Park ziyareti,ACTIVITY
Cesky Krumlov,CITY
Cesky Krumlov,HIGHLIGHT
Cesky Krumlov şehir turu,ACTIVITY
Chapelle Impériale - Biarritz,ACTIVITY
Chapman’s Peak Drive,ACTIVITY
Charter Flight Cessna Caravan 208 - Nairobi to Masai Mara,TRANSPORT
Chateau d’Estoublon,RESTAURANT
Chiang Mai,CITY
Chiang Mai şehir turu,ACTIVITY
Chiang Rai,CITY
Chiang Rai,HIGHLIGHT
Chiang Rai Gezisi,ACTIVITY
Chiang Rai fil kampı ziyareti,ACTIVITY
"Chiang Rai’de fil sürüşü, Altın Üçgen gezisi veya yemek kursu",ACTIVITY
Chianti,CITY
Chianti,HIGHLIGHT
Chianti bölgesinde üzüm bağları ve köyler,ACTIVITY
Chichen Itza,ACTIVITY
Chichen Itza,CITY
Chichen Itza,HIGHLIGHT
Chiesa di San Carlo - Noto,ACTIVITY
Chiesa di San Francesco - Noto,ACTIVITY
Churchill Graham Şaraphanesi,ACTIVITY
Château La Coste,RESTAURANT
Château de Blois,ACTIVITY
Cienfuegos,CITY
"Cienfuegos şehir turu (Valle Sarayı, Jose Marti Parkı, Prado Promenade)",ACTIVITY
City Palace - Jaipur,ACTIVITY
City Palace - Udaipur,ACTIVITY
City Palace Özel Akşam Yemeği,RESTAURANT
Clara Restaurant,RESTAURANT
Cluny,CITY
Cluny,HIGHLIGHT
Colline Éternelle - Vézelay Şarap Tadımı,ACTIVITY
Cordoba,CITY
Cordoba,HIGHLIGHT
Cordoba turu,ACTIVITY
Corso Vittorio Emanuele - Noto,ACTIVITY
Cortona,CITY
Cortona Tarihi Sokaklar,ACTIVITY
Cospicua,CITY
Cristóbal Balenciaga Museoa - Getaria,ACTIVITY
Cusco,CITY
Cusco,HIGHLIGHT
Cusco turu,ACTIVITY
Cusco şehir turu,ACTIVITY
Córdoba,CITY
Córdoba,HIGHLIGHT
DANİMARKA & NORVEÇ TURU 18 – 25 AĞUSTOS 2025,TRIP
DISHOOM,RESTAURANT
Da Giacomo,RESTAURANT
Damnoen Saduak yüzen pazar ziyareti (Bangkok),ACTIVITY
Danang,CITY
Danang,HIGHLIGHT
Danimarka,COUNTRY
David Livingstone Müzesi,ACTIVITY
Dead Sea,CITY
Dead Sea,HIGHLIGHT
Dead Sea’de konaklama ve dinlenme,ACTIVITY
Delaire Graff,RESTAURANT
Delaire Graff Indochine Restaurant,RESTAURANT
Delhi,CITY
Delhi,HIGHLIGHT
Delhi şehir turu,ACTIVITY
"Delhi – Varanasi uçuşu (AI406, Air India)",TRANSPORT
Deve Gezisi - Piramitler,ACTIVITY
Dijon,CITY
Dijon,HIGHLIGHT
Doba Restaurant and Terrace,RESTAURANT
"Doha – Nairobi uçuşu (QR 1335, Qatar Airways)",TRANSPORT
Domenico Modugno Heykeli - Polignano a Mare,ACTIVITY
Dubai,CITY
Dubai,HIGHLIGHT
Dubai Autodrome Circuit,ACTIVITY
Dubai Creek – Old Town,ACTIVITY
Dubai Mall,ACTIVITY
Dubai Programı,TRIP
Duomo - Noto,ACTIVITY
Duomo Meydanı - Ortigia,ACTIVITY
Duomo di Napoli,ACTIVITY
EDINBURGH & HIGHLANDS TURU 4 – 8 AĞUSTOS,TRIP
EIFFEL TOWER,ACTIVITY
EIXAMPLE HOTEL,HOTEL
EUROPE CLASSICS 2025,TRIP
Eat Me Restaurant,RESTAURANT
Edinburgh,CITY
Efes,CITY
Efes Antik Kenti,ACTIVITY
Eglise Saint-Jean-Baptiste - Saint-Jean-de-Luz,ACTIVITY
El Refaei Camii,ACTIVITY
El Tribut,RESTAURANT
Elkano Restaurant,RESTAURANT
Elkano Restoran - Getaria,RESTAURANT
Emara Ole Sereni Hotel,HOTEL
Emirates EK124,TRANSPORT
Endonezya,COUNTRY
Endonezya,HIGHLIGHT
Endülüs Gezisi,TRIP
Endülüs Gezisi - Berrin Zorlu,TRIP
Endülüs içi kara transferleri,TRANSPORT
Enoteca 1756 Restaurant,RESTAURANT
Err Restaurant,RESTAURANT
Eski Mardin Evleri ve Abbara tünelleri gezisi,ACTIVITY
Estiatorio Milos Dubai,RESTAURANT
Etna,CITY
Etna,HIGHLIGHT
Etna Yanardağı gezisi,ACTIVITY
FORUM INN,HOTEL
FRANCE,COUNTRY
FUSHIMI INARI SHRINE,ACTIVITY
Fas,COUNTRY
Fas,HIGHLIGHT
Fas içi transferler,TRANSPORT
Ferrari World Abu Dhabi – Driving Experience,ACTIVITY
Fervor Restaurant,RESTAURANT
Fes,CITY
Fes,HIGHLIGHT
Finlandiya,COUNTRY
Finlandiya,HIGHLIGHT
Fjallsárlón Glacier Lagoon,ACTIVITY
Fjellskål Seafood Restaurant,RESTAURANT
Fleurie,CITY
Floransa,CITY
Floransa,HIGHLIGHT
Floransa çevresinde geziler,ACTIVITY
Floransa şehir turu (Piazza Della Signoria ve diğer yapılar),ACTIVITY
Floridita,RESTAURANT
Flåm,CITY
Flåm Railway Museum,ACTIVITY
Fonab Castle Hotel,HOTEL
Fondation Vincent van Gogh Arles ziyareti,ACTIVITY
Fort William,CITY
Forte dei Marmi,CITY
Forte dei Marmi,HIGHLIGHT
Forte dei Marmi sahil tatili,ACTIVITY
Forza d’Agrò,CITY
Forza d’Agrò Ortaçağ Köyü,ACTIVITY
Fosshotel Glacier Lagoon,HOTEL
Four Points by Sheraton JKIA,HOTEL
Four Seasons Hotel Cairo at Nile Plaza,HOTEL
Four Seasons Hotel The Westcliff,HOTEL
Foz do Douro,ACTIVITY
Foz do Iguaçu,CITY
Franklin Meydanı - Hobart,ACTIVITY
Fransa,COUNTRY
Fransa,HIGHLIGHT
Franschhoek,ACTIVITY
Franschhoek,CITY
Franschhoek,HIGHLIGHT
Franschhoek Motor Müzesi,ACTIVITY
Franschhoek ve Stellenbosch şarap bağları gezisi,ACTIVITY
Franschhoek Şarap Bağları,ACTIVITY
Franschhoek Şarap Bağları ve Galeriler,ACTIVITY
Fretheim Hotel,HOTEL
Frieze London 2023,TRIP
Frieze London fuarı gezisi,ACTIVITY
Frieze Sculpture Park ziyareti,ACTIVITY
GAUDI WEEKEND 2025,TRIP
GION RYOKAN,HOTEL
GOREME,CITY
GOREME CAVE HOTEL,HOTEL
GOREME OPEN AIR MUSEUM,ACTIVITY
GRAND BAZAAR,ACTIVITY
GREECE,COUNTRY
Gaia Şarap Evleri,ACTIVITY
Gala Restoran,RESTAURANT
Galleria dell’Accademia,ACTIVITY
Game Drives - Masai Mara,ACTIVITY
Gamze Çuhadaroglu PROVENCE 2022,TRIP
Garrya Nijo Castle Kyoto,HOTEL
Gaztetape Plajı - Getaria,ACTIVITY
Geleneksel Türk Restoranı (Efes),RESTAURANT
Gent,CITY
Gent Gezisi,ACTIVITY
Getaria,CITY
Getaria,HIGHLIGHT
Getaria Balıkçı Köyü,ACTIVITY
Giardini Bienali,ACTIVITY
Giardini ana sergi turu,ACTIVITY
Giraffe Manor,HIGHLIGHT
Giraffe Manor,HOTEL
Giraffe Manor (kahvaltı & ikindi çayı),RESTAURANT
Girona,CITY
Girona,HIGHLIGHT
Girona Gotik Katedrali,ACTIVITY
Giza Piramitleri,ACTIVITY
Giza Piramitleri,HIGHLIGHT
"Giza Piramitleri gezisi (Keops, Kefren, Mikerinos)",ACTIVITY
Glass Restaurant - Santa Claus Village,RESTAURANT
Godfather Film Kilisesi - Savoca,ACTIVITY
Gold Coast,CITY
Gold Coast,HIGHLIGHT
Gordes,CITY
Gordes,HIGHLIGHT
Gordes Gezisi,ACTIVITY
Gordes ve Roussillon köy gezileri,ACTIVITY
Gotik Mahallesi,ACTIVITY
Goðafoss Şelalesi,ACTIVITY
Granada,CITY
Granada,HIGHLIGHT
"Granada şehir merkezi turu (Realejo Mahallesi, Capilla Real, Katedral, Madraza)",ACTIVITY
Grand Hotel Timeo - Deluxe Sea View Junior Suite with balcony or terrace,HOTEL
Grand Palace & Wat Phra Kaew - Bangkok,ACTIVITY
Guggenheim Müzesi - Bilbao,ACTIVITY
Guggenheim Müzesi Restoranı - Bilbao,RESTAURANT
Gustav Kitchen & Bar,RESTAURANT
GÜNEY AFRİKA TURU 07 – 16 ARALIK,TRIP
GÜNEY AFRİKA TURU 19 ARALIK 2025 – 3 OCAK 2026,TRIP
Göl kenarında özel yemek,RESTAURANT
Güllü Konak,HOTEL
Güney Afrika,COUNTRY
Güney Afrika,HIGHLIGHT
Güney Afrika 14-21 Kasım 2018,TRIP
Güney Afrika 22-30 Ocak,TRIP
Güney Afrika Gezisi - Tanju Kaya,TRIP
Güney Afrika içi araç kiralama ve transferler,TRANSPORT
Güney Afrika içi transferler,TRANSPORT
HOTEL LUMIERE,HOTEL
Ha Long,CITY
Ha Long,HIGHLIGHT
Ha Long (Lan Ha Bay),CITY
Ha Long (Lan Ha Bay) Bhaya özel tekne yolculuğu,ACTIVITY
Ha Long Bhaya Cruise tekne yolculuğu,TRANSPORT
Ha Long Körfezi’nde deniz uçağı ile ulaşım ve Violet Cruise konaklaması,ACTIVITY
"Ha Long Körfezi’nde mağara keşfi, yüzme ve balık avı",ACTIVITY
Ha Long Violet Cruise – deniz ürünleri ve geleneksel Vietnam mutfağı,RESTAURANT
Hahndorf,CITY
Hakkasan Abu Dhabi,RESTAURANT
Hakone,CITY
Hakone Açık Hava Müzesi,ACTIVITY
Hakone Açık Hava Müzesi ziyareti,ACTIVITY
Hakone Teleferiği,ACTIVITY
Hali Country Hotel,HOTEL
Hallstatt,CITY
Hallstatt Gezisi,ACTIVITY
Halong,CITY
Halong,HIGHLIGHT
Halong Bay tekne turu,ACTIVITY
Hanoi,CITY
Hanoi,HIGHLIGHT
Hanoi By Night turu,ACTIVITY
Hanoi şehir turu,ACTIVITY
"Hanoi şehir turu: Ho Chi Minh Mozolesi, Başkanlık Sarayı, Tek Sütunlu Pagoda, Edebiyat Tapınağı",ACTIVITY
"Hanoi şehir turu: Ho Chi Minh Mozolesi, kazık ev, Tek Sütunlu Pagoda, Edebiyat Tapınağı",ACTIVITY
"Hanoi şehir turu: Opera Binası, Edebiyat Tapınağı, Etnoloji Müzesi, Eski Mahalle",ACTIVITY
Hanoi – Ha Long deniz uçağı,TRANSPORT
Hanoi – Ha Long kara transferi,TRANSPORT
"Hanoi – Ho Chi Minh uçuşu (VN253, Vietnam Havayolları)",TRANSPORT
Hanoi – Nha Trang uçuşu,TRANSPORT
Hanoi – Saigon uçuşu,TRANSPORT
Hanoi’de pedallı taksi (rikşov) gezisi,ACTIVITY
Harads,CITY
Harbour House Restaurant - Kalk Bay,RESTAURANT
Havalimanı ve şehir içi transferler,TRANSPORT
Havalimanı – Bairro Alto Hotel transfer,TRANSPORT
Havana,CITY
Havana,HIGHLIGHT
Havana - Cancun 8-19 Temmuz 2022,TRIP
"Havana Eski Kenti, Malecon Bulvarı, Devrim Meydanı, Colomb Mezarlığı ve Morro Kalesi gezisi",ACTIVITY
Havana şehir turu,ACTIVITY
"Havana şehir turu (Eski Kent, Malecon, Devrim Meydanı, Colomb Mezarlığı, Miramar)",ACTIVITY
Hayward Gallery ziyareti,ACTIVITY
Henningsvær,CITY
Henningsvær,HIGHLIGHT
Henningsvær gezisi,ACTIVITY
Hindistan,COUNTRY
Hindistan,HIGHLIGHT
Hindistan 2024 Maide Cebi,TRIP
Hindistan Gezisi,TRIP
Hindistan Gezisi - Berrin Zorlu,TRIP
Hindistan içi transferler ve uçuşlar,TRANSPORT
Hindistan içi uçuşlar ve transferler,TRANSPORT
Hindistan içi özel araç transferleri,TRANSPORT
Ho Chi Minh,CITY
Ho Chi Minh,HIGHLIGHT
Ho Chi Minh (Saygon),CITY
Ho Chi Minh City,CITY
Ho Chi Minh City,HIGHLIGHT
Ho Chi Minh City şehir turu,ACTIVITY
Ho Chi Minh içi Vespa ve araç transferleri,TRANSPORT
"Ho Chi Minh şehir turu: Reunification Palace, War Remnants Museum, Cho Lon, Thien Hau Tapınağı, Notre Dame Katedrali, Posta Merkezi, Belediye Tiyatrosu",ACTIVITY
Ho Chi Minh – Phnom Penh kara/air transferi,TRANSPORT
Ho Chi Minh – Siem Reap uçuşu (Cambodia Angkor Air K6809),TRANSPORT
Hobart,CITY
Hobart - Adelaide İç Hat Uçuşu,TRANSPORT
Hoi An,CITY
Hoi An,HIGHLIGHT
Hoi An yürüyüş turu,ACTIVITY
Hondarribia,CITY
Hondarribia Eski Şehir ve Surlar,ACTIVITY
Hong Kong,CITY
Hong Kong,HIGHLIGHT
Hong Kong Miras Müzesi,ACTIVITY
Hospices de Beaune (Hôtel-Dieu),ACTIVITY
Hotel Ai Cavalieri,HOTEL
Hotel Bauer Palazzo,HOTEL
Hotel Bristol,HOTEL
Hotel Cerretani Firenze – Mgallery,HOTEL
Hotel De Orangerie,HOTEL
Hotel Du Palais Biarritz,HOTEL
Hotel Du Palais Biarritz - Le Sunset,RESTAURANT
Hotel Dukes' Palace,HOTEL
Hotel Goldener Hirsch,HOTEL
Hotel Heritage Relais Chateau,HOTEL
Hotel Luxury King Mountain Room,HOTEL
Hotel Manzana Kempinski,HOTEL
Hotel Maria Cristina,HOTEL
Hotel Metropole Taormina,HOTEL
Hotel Rosas,HOTEL
Hotel Rufolo,HOTEL
Hotel Tokyo Deluxe Double,HOTEL
Hotel Van Cleef,HOTEL
Hotel Villa Favorita,HOTEL
Hotel Zenit Convento San Martín,HOTEL
Hotel de Londres y de Inglaterra,HOTEL
Hotel des Arts Saigon,HOTEL
Hout Bay & Seal Island,ACTIVITY
Husky Safari,ACTIVITY
Husky Safari,HIGHLIGHT
Hyde Park Barracks - Sydney,ACTIVITY
Hôtel-Dieu - Cluny,ACTIVITY
ICEHOTEL,HOTEL
ISTANBUL,CITY
ISTANBUL & CAPPADOCIA 2023,TRIP
ISTANBUL CLASSICS 2024,TRIP
ISTANBUL HERITAGE WEEKEND 2025,TRIP
ITALY,COUNTRY
ITALY CLASSICS 2024,TRIP
Ice Cave,ACTIVITY
Ice Restaurant,RESTAURANT
Iguazu,CITY
Igueldo Tepesi - San Sebastián,ACTIVITY
Il Cortile Ristorante Pizzeria,RESTAURANT
Il Salumaio di Montenapoleone,RESTAURANT
Indigo 6E7348,TRANSPORT
Inle Lake,CITY
Inle Lake,HIGHLIGHT
Intercontinental Danang,HOTEL
Intercontinental Hotel Wellington,HOTEL
Inverness,CITY
Inverness Kalesi,ACTIVITY
Inverness Müzesi ve Sanat Galerisi,ACTIVITY
Ise Shima,CITY
Ise Shima bölgesi gezisi,ACTIVITY
Ixi’im,RESTAURANT
Izakaya Bar & Terrace,RESTAURANT
Iziko Güney Afrika Müzesi ve Planetaryum,ACTIVITY
JAPAN,COUNTRY
JAPONYA TURU 19 HAZİRAN – 5 TEMMUZ 2025,TRIP
JAPONYA TURU 6 – 13 NİSAN 2024 (SAFFET EMRE),TRIP
JR,TRANSPORT
JW Marriott Gold Coast Resort & Spa,HOTEL
JW Marriott Hotel Singapore South Beach,HOTEL
Jaipur,CITY
Jaipur,HIGHLIGHT
Jaipur Amber Kalesi ziyareti,ACTIVITY
Jaipur City Palace gezisi,ACTIVITY
Jaipur City Palace ziyareti,ACTIVITY
Jaipur şehir turu,ACTIVITY
Japonya,COUNTRY
Japonya,HIGHLIGHT
Japonya 12 - 21 Ekim 2024,TRIP
Japonya içi transferler,TRANSPORT
Jodhpur,CITY
Jodhpur,HIGHLIGHT
Jodhpur Mehrangarh Kalesi gezisi,ACTIVITY
Jodhpur Mehrangarh Kalesi ziyareti,ACTIVITY
Johannesburg,CITY
Johannesburg,HIGHLIGHT
Johannesburg şehir turu,ACTIVITY
Johannesburg – Sabi Sabi özel uçuşu (Federal Havayolları),TRANSPORT
Jukkasjärvi,CITY
Jules Verne - 2 Ladies - Japan - March 2024,TRIP
Jökulsárlón Glacier Lagoon,ACTIVITY
KINKAKUJI TEMPLE,ACTIVITY
KIYOMIZU DERA,ACTIVITY
KONYALI RESTAURANT,RESTAURANT
KYOTO,CITY
KYOTO TEMPLES 2025,TRIP
Kaamos Hotel,HOTEL
Kahire,CITY
Kahire,HIGHLIGHT
Kahire Gezisi,TRIP
Kahire Havalimanı – otel transferi,TRANSPORT
Kahire şehir gezisi,ACTIVITY
Kalemegdan Restaurant,RESTAURANT
Kalido,RESTAURANT
Kamboçya,COUNTRY
Kamboçya,HIGHLIGHT
"Kampa Park Restaurant (Na Kampě 8b, Prag)",RESTAURANT
Kapadokya,CITY
Kar Ayakkabısı Yürüyüşü,ACTIVITY
Kar Bisikleti Turu,ACTIVITY
Karlofca,CITY
Karlofca Gezisi,ACTIVITY
Karlovy Vary,CITY
Karlovy Vary,HIGHLIGHT
Karlovy Vary gezisi,ACTIVITY
Karlovy Vary ve Cesky Krumlov kara transferleri,TRANSPORT
Katanya,CITY
Katanya – Taormina transferi,TRANSPORT
Katmandu,CITY
Katmandu,HIGHLIGHT
Katmandu - Paro Uçuşu,TRANSPORT
Kenya,COUNTRY
Kenya,HIGHLIGHT
Kenya & Rwanda Safari Gezisi,TRIP
Kenya Safari Gezisi - Şule Zorlu,TRIP
Kenya içi transferler,TRANSPORT
Kerid Crater Lake,ACTIVITY
Khan El Khalili Çarşısı,ACTIVITY
Khufu Piramidi,ACTIVITY
Kicksled Deneyimi,ACTIVITY
Kigali,CITY
Kigali,HIGHLIGHT
Kigali Kara Transferi,TRANSPORT
Kigali Şehir Turu,ACTIVITY
Kimberley,CITY
Kimberley Diamond Mine & Big Hole,ACTIVITY
Ki’ol,RESTAURANT
Kobe,CITY
Kolombiya,COUNTRY
Kolombiya,HIGHLIGHT
Kolombiya - Peru 2024,TRIP
Kolombiya ve Peru iç hat uçuşları,TRANSPORT
Kopenhag,CITY
Koral Restaurant,RESTAURANT
Kota Restaurant,RESTAURANT
Kruger,CITY
"Kruger Mpumalanga – Cape Town uçuşu (SA8664, South African Airways)",TRANSPORT
Kursaal Oditoryumu - San Sebastián,ACTIVITY
Kuşadası,CITY
Kyoto,CITY
Kyoto,HIGHLIGHT
Kyoto şehir turu,ACTIVITY
Köyler arası özel araç transferleri,TRANSPORT
Küba,COUNTRY
Küba,HIGHLIGHT
Küba Gezisi 2022,TRIP
Küba içi transferler,TRANSPORT
Kültürel ve alışveriş aktiviteleri,ACTIVITY
Kızaklı Sandalye,ACTIVITY
Kış,SEASON
L'Isle-sur-la-Sorgue,CITY
L'Isle-sur-la-Sorgue Gezisi,ACTIVITY
LAPLAND TURU 19 – 24 OCAK,TRIP
LATAM Airlines LA3290 Rio - Iguazú,TRANSPORT
LE BISTRO,RESTAURANT
LEON DE BRUXELLES,RESTAURANT
LOIRE TURU 20 – 23 NİSAN,TRIP
LONDON,CITY
LONDON ARCHITECTURE TOUR 2024,TRIP
LONDON EYE,ACTIVITY
LONDON HIGHLIGHTS 2024,TRIP
LOUVRE MUSEUM,ACTIVITY
La Bretxa Food Market - San Sebastián,ACTIVITY
La Cabrera Restaurant,RESTAURANT
La Canchanchara,RESTAURANT
La Cantine Beach,RESTAURANT
La Caravella,RESTAURANT
La Concha Plajı - San Sebastián,ACTIVITY
La Luma Drum Cafe,RESTAURANT
La Pepita Tapas Bar,RESTAURANT
La Sagrada Familia,ACTIVITY
La Taula Gallici's Gourmet Restaurant,RESTAURANT
Lam Tsuen Dilek Ağacı - Hong Kong,ACTIVITY
Lapland Rovaniemi Gezisi,TRIP
Las Granadas Kapısı,ACTIVITY
Latomie - Siracusa,ACTIVITY
Lebua at State Tower Hotel,HOTEL
Lecce,CITY
Lecce,HIGHLIGHT
Lecce Şehir Gezisi,ACTIVITY
Lello Kütüphanesi,ACTIVITY
Les Baux-de-Provence,CITY
Les Baux-de-Provence Gezisi,ACTIVITY
Les Deux Garçons,RESTAURANT
Liberdade Meydanı,ACTIVITY
Lima,CITY
Lima,HIGHLIGHT
Lima Havalimanı – otel transferi,TRANSPORT
Lima şehir turu,ACTIVITY
Lima şehir turu (Plaza Mayor ve tarihi merkez),ACTIVITY
Livingstone,CITY
Lizbon,CITY
Lizbon,HIGHLIGHT
Lizbon Seyahat Programı - SAHA,TRIP
Locorotondo,CITY
Locorotondo Şehir Gezisi,ACTIVITY
Lodge Transferleri,TRANSPORT
Lofoten Fiskerestaurant,RESTAURANT
Lofoten Islands - Version 2.0,TRIP
Loire,CITY
Loire Vadisi Balon Turu,ACTIVITY
Loire Vadisi Şarap Bağları,ACTIVITY
Londra,CITY
Londra,HIGHLIGHT
Londra içi transferler,TRANSPORT
"Londra – New York uçuşu (BA175, British Airways)",TRANSPORT
Los Angeles,CITY
Los Angeles,HIGHLIGHT
Los Angeles Havalimanı – otel transferi,TRANSPORT
"Louvre Museum, Abu Dhabi",ACTIVITY
Luxor,CITY
Luxor East Bank Gezisi,ACTIVITY
Luxor Tapınağı,ACTIVITY
L’Isle-sur-la-Sorgue,CITY
L’Isle-sur-la-Sorgue Gezisi,ACTIVITY
MALDİVLER TURU 08 – 15 OCAK 2024,TRIP
MAP Barcelona Çağdaş Sanat Gezisi 2023,TRIP
MAP Provence Program 31 Mart - 3 Nisan 2023,TRIP
MAP Venedik Bienali 2022,TRIP
MARAIS HOTEL,HOTEL
MAT Museum - Noto,ACTIVITY
MEIJI SHRINE,ACTIVITY
METRO,TRANSPORT
MEZE HOUSE,RESTAURANT
MIDTOWN HOTEL,HOTEL
MIDTOWN INN,HOTEL
MISIR TURU 20 – 25 NİSAN 2024,TRIP
MONTMARTRE WALK,ACTIVITY
MUSÉE D'ORSAY,ACTIVITY
Macau,CITY
Macau,HIGHLIGHT
Macau - Hong Kong Feribot,TRANSPORT
Macau Casinoları,ACTIVITY
Macau Kulesi,ACTIVITY
Macau Müzesi,ACTIVITY
Macau Şarap Müzesi,ACTIVITY
Machu Picchu,CITY
Machu Picchu,HIGHLIGHT
Machu Picchu gezisi,ACTIVITY
Machu Picchu ziyareti,ACTIVITY
Madaba,CITY
Madaba,HIGHLIGHT
Magdalena Adası,ACTIVITY
Magdalena Adası,CITY
Maison Albar Hotels Le Monumental Palace,HOTEL
Malaga,CITY
Malaga – Granada transferi,TRANSPORT
Maldivler,CITY
Maldivler,COUNTRY
Malkorbe Plajı - Getaria,ACTIVITY
Malta,COUNTRY
Malta,HIGHLIGHT
Mandalay,CITY
Mandalay,HIGHLIGHT
Mandalay gezisi,ACTIVITY
"Mandarin Oriental, Bangkok",HOTEL
Maná 75,RESTAURANT
Marakeş 21-25 Haziran 2023,TRIP
Marataba,CITY
Marataba Safari Lodge,HOTEL
Mardin,CITY
Mardin,HIGHLIGHT
Mardin 13-15 Ekim 2023,TRIP
Mardin içi transferler,TRANSPORT
Mardin şehir turu,ACTIVITY
Marisqueira A Antiga,RESTAURANT
Marrakech,CITY
Marrakech,HIGHLIGHT
Marriott Mena House Hotel,HOTEL
Marsilya,CITY
Marsilya,HIGHLIGHT
Marsilya Havalimanı – Provence transferi,TRANSPORT
Masa Dağı (Table Mountain),ACTIVITY
Masai Mara,CITY
Masai Mara,HIGHLIGHT
Masai Mara Safari,ACTIVITY
Masai Mara’da safari ve game drive aktiviteleri,ACTIVITY
Matera,CITY
Matera,HIGHLIGHT
Matera Gezisi,ACTIVITY
Matera Kaya Evleri,ACTIVITY
Matera Kiliseleri ve Mağaraları,ACTIVITY
May de Cuisine Restaurant (Hanoi),RESTAURANT
Mdina,CITY
Mdina şehir turu,ACTIVITY
Mekong Deltası,CITY
Mekong Deltası,HIGHLIGHT
Mekong Deltası bot turu,TRANSPORT
"Mekong Deltası bot turu, tropik meyve bahçeleri, noodle yapımı",ACTIVITY
"Mekong Deltası gezisi: bot turları, noodle yapımı, meyve bahçeleri, yerel aile ziyareti",ACTIVITY
Mekong Deltası – nehir kenarında restoran,RESTAURANT
Mekong Deltası’nda bot ve rikşov gezileri,TRANSPORT
Meksika,COUNTRY
Meksika,HIGHLIGHT
Meksika 06-16 Aralık 2023,TRIP
Meksika Gezisi,TRIP
Meksika içi transferler,TRANSPORT
Melbourne,CITY
Melbourne,HIGHLIGHT
Melbourne - Hobart İç Hat Uçuşu,TRANSPORT
Melbourne Müzesi,ACTIVITY
Mendi Family - Kenya 25-29 Aralık,TRIP
Merendero de la Mar,RESTAURANT
Metropol Palace Hotel,HOTEL
Mevzun Vietnam Kamboçya 2016,TRIP
Mevzun Çifçi Hindistan 2024,TRIP
Mewar Terrace,RESTAURANT
Mexico City,CITY
Mexico City,HIGHLIGHT
Mexico City şehir turu,ACTIVITY
Mezquita Camii - Córdoba,ACTIVITY
Midyat,CITY
Midyat,HIGHLIGHT
Midyat Devlet Konukevi ve Gümüşçüler Çarşısı ziyareti,ACTIVITY
Midyat şehir turu,ACTIVITY
Milano,CITY
Mine Bahadır Japonya - Tayland Programı,TRIP
Miramar Sarayı - San Sebastián,ACTIVITY
Mitsui Garden Hotel,HOTEL
Mitsui Garden Hotel Premier Jingu-Gaien,HOTEL
Modica,CITY
Modica ve Ragusa turları,ACTIVITY
Monopoli,CITY
Monopoli Gezisi,ACTIVITY
Monopoli Tarihi Merkezi,ACTIVITY
Montalcino,CITY
Montalcino,HIGHLIGHT
Montalcino’da şarap tadımı,ACTIVITY
Monte Igueldo - San Sebastián,ACTIVITY
Monte Urgull - San Sebastián,ACTIVITY
MonteRosa Restaurant,RESTAURANT
Montepulciano,CITY
Montepulciano,HIGHLIGHT
Montepulciano şarap bağları turu,ACTIVITY
Montepulciano şarap bağları ve kasaba gezisi,ACTIVITY
Mount Nebo,CITY
Mount Nebo,HIGHLIGHT
Mount Nebo ve Madaba ziyareti,ACTIVITY
Movenpick Sunray Nile Cruise,HOTEL
Mumbai,CITY
Mumbai,HIGHLIGHT
Mumbai şehir turu,ACTIVITY
Murat Bilgin 28 Eylül - 9 Ekim 2023 Güney Afrika,TRIP
Museum of the Future,ACTIVITY
Musevi Mahallesi - Córdoba,ACTIVITY
Musée Asiatica - Biarritz,ACTIVITY
Musée des Beaux-Arts - Beaune,ACTIVITY
Musée des Beaux-Arts - Dijon,ACTIVITY
Musée d’Art et d’Archéologie - Cluny,ACTIVITY
Myanmar,COUNTRY
Myanmar,HIGHLIGHT
Myanmar 2017 Mevzun Çiftçi,TRIP
Myanmar içi transferler,TRANSPORT
Mérida,CITY
Mérida,HIGHLIGHT
Mérida şehir turu,ACTIVITY
Mısır,COUNTRY
Mısır,HIGHLIGHT
Mısır Gezisi - Hakan Ateş,TRIP
Mısır Müzesi - Eski Müze,ACTIVITY
NEW YORK,CITY
NEW YORK CITY 2024,TRIP
NEW YORK CLASSICS 2024,TRIP
NORTH MACEDONIA,COUNTRY
Nairobi,CITY
Nairobi,HIGHLIGHT
Nairobi Havalimanı – Giraffe Manor transferi,TRANSPORT
Nairobi – Masai Mara lodge transferleri,TRANSPORT
Naoshima,CITY
Naoshima,HIGHLIGHT
Naoshima & Teshima sanat adaları gezisi,ACTIVITY
Napoli,CITY
Napoli,HIGHLIGHT
Napoli Tarihi Merkezi,ACTIVITY
Napoli Şehri Gezisi,ACTIVITY
Nara,CITY
Nara Park,ACTIVITY
Neelkamal Restaurant,RESTAURANT
Nehir Kenarı Restoran - Adelaide,RESTAURANT
Nepal,COUNTRY
Nepal,HIGHLIGHT
Nevis Bank Inn,HOTEL
Nevis Bank Inn and Browns Restaurant,RESTAURANT
New Year's Eve Celebration - The Restaurant at Address Dubai Mall,ACTIVITY
New York,CITY
New York,HIGHLIGHT
New York havalimanı – otel transferi,TRANSPORT
New York şehir turu (müze ve meydanlar),ACTIVITY
Newport Beach,CITY
Nha Trang,CITY
Nha Trang,HIGHLIGHT
Nha Trang sahil tatili ve dinlenme,ACTIVITY
Nha Trang – Saigon uçuşu,TRANSPORT
Nil Nehri Felucca Tekne Gezisi,ACTIVITY
Nimb Hotel,HOTEL
Nobu - One&Only Cape Town,RESTAURANT
Nobu Los Angeles,RESTAURANT
Nobu Restaurant - Atlantis the Palm,RESTAURANT
Norveç,COUNTRY
Norveç,HIGHLIGHT
Norveç içi transferler,TRANSPORT
Noto,CITY
Noto,HIGHLIGHT
Notre-Dame Kilisesi - Beaune,ACTIVITY
Notre-Dame Kilisesi - Dijon,ACTIVITY
Novi Sad,CITY
Novi Sad Gezisi,ACTIVITY
Nuits-Saint-Georges,CITY
Nuits-Saint-Georges,HIGHLIGHT
Okayama,CITY
One&Only Cape Town,HOTEL
Ortigia,CITY
Ortigia,HIGHLIGHT
Ortigia Roma Amfi Tiyatrosu,ACTIVITY
Orvieto,CITY
Orvieto Katedrali,ACTIVITY
Orvieto Yer Altı Tünelleri,ACTIVITY
Osaka,CITY
Osaka,HIGHLIGHT
Osaka Kalesi ziyareti,ACTIVITY
Oslo,CITY
Oslo Opera Binası,ACTIVITY
Osteria Enoteca San Marco,RESTAURANT
Osteria Rosso Divino,RESTAURANT
Osteria Rosso Divino (Taormina),RESTAURANT
Osteria delle Tre Panche,RESTAURANT
"Otel (Ho Chi Minh, ismi belirtilmemiş)",HOTEL
"Otel (Siem Reap, ismi belirtilmemiş)",HOTEL
PALATINE HILL,ACTIVITY
PARIS,CITY
PARIS CITY BREAK 2024,TRIP
PARIS MUSEUM TOUR 2024,TRIP
PARK GUELL,ACTIVITY
PLANE,TRANSPORT
PROVENCE TURU 4 – 7 MAYIS,TRIP
PUGLIA TURU 07 – 11 EKİM,TRIP
Pak Khlong Talat Çiçek Pazarı - Bangkok,ACTIVITY
Palais des ducs de Bourgogne - Dijon,ACTIVITY
Palazzo Ducezio - Noto,ACTIVITY
Palazzo Manfrin,ACTIVITY
Palazzo Nicolaci - Noto,ACTIVITY
Palazzo dei Celestini - Lecce,ACTIVITY
Palermo,ACTIVITY
Palermo,CITY
Palermo,HIGHLIGHT
Palácio da Bolsa,ACTIVITY
Pandeli Restaurant,RESTAURANT
Paradise Luxury Halong,HOTEL
Park Güell,ACTIVITY
Park Güell,HIGHLIGHT
Park Hyatt - Palacio Duhau Hotel,HOTEL
Park Hyatt Saigon,HOTEL
Park Hyatt Sydney,HOTEL
Parlamento ve Hazine Binası - Melbourne,ACTIVITY
Paro,CITY
Paro,HIGHLIGHT
Parte Vieja - San Sebastián,ACTIVITY
Pashupatinath Tapınağı - Katmandu,ACTIVITY
Peggy Guggenheim Müzesi,ACTIVITY
Peninsula Valdes - Puerto Madryn,ACTIVITY
Peppers Blue Water Resort Lake Tekapo,HOTEL
"Personal Structures, Palazzo Bembo sergisi",ACTIVITY
Peru,COUNTRY
Peru,HIGHLIGHT
Peru Gezisi - Seda Soğancıoğlu,TRIP
Peru içi kara ve tren transferleri,TRANSPORT
Petra,CITY
Petra,HIGHLIGHT
Petra Antik Kenti gezisi,ACTIVITY
Phnom Penh,CITY
Phnom Penh,HIGHLIGHT
"Phnom Penh şehir turu: Artisan D’Angkor el işi okulu, Phsar Chas çarşısı",ACTIVITY
"Phnom Penh şehir turu: Kraliyet Sarayı, Gümüş Pagoda, Ulusal Müze",ACTIVITY
Phnom Penh – Siem Reap uçuşu,TRANSPORT
Phuket,CITY
Phuket,HIGHLIGHT
Phuket Tarihi Kent Gezisi,ACTIVITY
Phuket ada ve sahil aktiviteleri,ACTIVITY
Phuket sahil tatili,ACTIVITY
Phuket – Bangkok uçuşu,TRANSPORT
Phuket’te Big Buddha ziyareti,ACTIVITY
Piazza del Municipio - Forza d’Agrò,ACTIVITY
Pienza,CITY
Pienza,HIGHLIGHT
Pienza kasabası ziyareti,ACTIVITY
Pitlochry,CITY
Pizzeria Casa Pinto,RESTAURANT
Place Louis XIV - Saint-Jean-de-Luz,ACTIVITY
Plaza Catalunya,ACTIVITY
Plaza Corredera - Córdoba,ACTIVITY
Plaza de Mayo - Buenos Aires,ACTIVITY
Plaza de Toros - Ronda,ACTIVITY
Polignano a Mare,ACTIVITY
Polignano a Mare,CITY
Polignano a Mare Gezisi,ACTIVITY
Pompei,CITY
Pompei,HIGHLIGHT
Pompei Antik Kenti,ACTIVITY
Pompei Şehri Ziyareti,ACTIVITY
Portekiz,COUNTRY
Portekiz,HIGHLIGHT
Porto,CITY
Porto,HIGHLIGHT
Porto Gezisi,TRIP
Porto Katedrali,ACTIVITY
Potong Restaurant,RESTAURANT
Prag,CITY
Prag,HIGHLIGHT
"Prag şehir turu: Prag Kalesi, St. Vitus Bazilikası, Altın Yol",ACTIVITY
Prag – şehir içi transferler,TRANSPORT
"Prag, Karlovy Vary & Cesky Krumlov Gezisi - Beril Miskavi",TRIP
Provence,CITY
Provence,HIGHLIGHT
Provence Gezisi - Olgun Zorlu,TRIP
Provence içi transferler,TRANSPORT
Puente Nuevo - Ronda,ACTIVITY
Puerto Madryn,CITY
Puerto Madryn,HIGHLIGHT
Puglia Gezisi,TRIP
Pullman Rotorua,HOTEL
Punakha,CITY
Punakha,HIGHLIGHT
Punakha Dzong - Punakha,ACTIVITY
Quai de l’Infante - Saint-Jean-de-Luz,ACTIVITY
Queenstown,CITY
Queenstown Panoramik Gezisi,ACTIVITY
RIVERBANK HOTEL,HOTEL
ROMA SUITES,HOTEL
ROMAN FORUM,ACTIVITY
ROME,CITY
ROME ANCIENT 2024,TRIP
ROME ANTIQUITY 2024,TRIP
Radisson Blu Hotel Altstadt,HOTEL
Raffles Hotel Le Royal,HOTEL
Ragusa,CITY
Ragusa,HIGHLIGHT
Ragusa Ibla,ACTIVITY
Rakas Restaurant & Bar,RESTAURANT
Rambagh Palace,HOTEL
Rancho San Vicente,RESTAURANT
Ranthambore,CITY
Ranthambore,HIGHLIGHT
Ranthambore Milli Parkı’nda jeep safari,ACTIVITY
Ranthambore jeep safarileri,TRANSPORT
Ras Al Khaimah,CITY
Ras Al Khaimah,HIGHLIGHT
Ras Al Khaimah – Dubai transferi,TRANSPORT
Ravello,CITY
Ravello - Villa Cimbrone Bahçesi,ACTIVITY
Ravello - Villa Rufolo,ACTIVITY
Regina Lucia Ristorante (Siracusa),RESTAURANT
Reindeer Safari,ACTIVITY
Reine,CITY
Reine,HIGHLIGHT
Restaurant Arven,RESTAURANT
Restaurant Blaue Gans Salzburg Gasthaus,RESTAURANT
Restaurant L'Oriel,RESTAURANT
Restaurant Normal,RESTAURANT
Restaurant Nyvågar,RESTAURANT
Restaurant POTONG,RESTAURANT
Restaurant Terrazza Danieli,RESTAURANT
Restaurante Amour Blanc,RESTAURANT
Restaurante Ilura,RESTAURANT
Ribeira Bölgesi,ACTIVITY
Rio Restaurant Önerileri,RESTAURANT
Rio de Janeiro,CITY
Rio de Janeiro,HIGHLIGHT
Ristorante Acqua Pazza,RESTAURANT
Ristorante Blunotte,RESTAURANT
Ristorante Da Ivo,RESTAURANT
Ristorante La Cantina,RESTAURANT
Ristorante Storico Sabatini,RESTAURANT
Riverside Pool Villa,HOTEL
Riviera - Four Seasons Hotel Cairo at Nile Plaza,RESTAURANT
Rocpool Restaurant,RESTAURANT
Roma,CITY
Roma Amfi Tiyatrosu - Lecce,ACTIVITY
Roma Amfi Tiyatrosu - Siracusa,ACTIVITY
Ronda,CITY
Ronda,HIGHLIGHT
Ronda Tarihi Sokakları,ACTIVITY
Ronda gezisi,ACTIVITY
Rosewood Castiglion del Bosco,HIGHLIGHT
Rosewood Castiglion del Bosco,HOTEL
Rotorua,CITY
Roussillon,CITY
Roussillon,HIGHLIGHT
Roussillon Gezisi,ACTIVITY
Roussillon ve Gordes gezisi,ACTIVITY
Rovaniemi,CITY
Rovaniemi,HIGHLIGHT
Royal Barge Ulusal Müzesi - Bangkok,ACTIVITY
Royal Exhibition Binası - Melbourne,ACTIVITY
Royal Livingstone Victoria Falls Zambia Hotel by Anantara,HOTEL
Ruanda,COUNTRY
Ruanda,HIGHLIGHT
Rue Gambetta - Saint-Jean-de-Luz,ACTIVITY
Rue Mazarin - Saint-Jean-de-Luz,ACTIVITY
Rue de la Liberté - Dijon,ACTIVITY
SAGRADA FAMILIA,ACTIVITY
SALZBURG TURU 20 – 25 ARALIK,TRIP
SENSOJI TEMPLE,ACTIVITY
SHAKE SHACK,RESTAURANT
SHIBUYA CROSSING,ACTIVITY
SHIBUYA HOTEL,HOTEL
SHUTTLE,TRANSPORT
SOUTHBANK HOTEL,HOTEL
SPAIN,COUNTRY
STATUE OF LIBERTY,ACTIVITY
SUBWAY,TRANSPORT
SULTANAHMET INN,HOTEL
SUMMER EUROPE 2024,TRIP
SUMMER EUROPE 2025,TRIP
SUMMER GREECE 2025,TRIP
SUSHI BAR,RESTAURANT
Sabi Sabi,CITY
Sabi Sabi,HIGHLIGHT
Sabi Sabi Game Reserve Lodge,HOTEL
Sabi Sabi Little Bush Camp,HOTEL
Sabi Sand,CITY
Sacred Valley,CITY
Sacred Valley,HIGHLIGHT
Sacred Valley gezisi,ACTIVITY
Saigon,CITY
Saigon,HIGHLIGHT
Saigon aktarmalı Bangkok dönüş uçuşu,TRANSPORT
Saigon şehir turu,ACTIVITY
Saigon – Bangkok uçuşu,TRANSPORT
Saint Jean De Luz,CITY
Saint Jean De Luz Gezisi,ACTIVITY
Saint-Bénigne Katedrali - Dijon,ACTIVITY
Saint-Jean-de-Luz,CITY
Saint-Jean-de-Luz,HIGHLIGHT
Saint-Jean-de-Luz Plajları,ACTIVITY
Saint-Michel Kilisesi - Dijon,ACTIVITY
Saint-Philibert Kilisesi - Dijon,ACTIVITY
Saint-Remy-de-Provence,CITY
Saint-Rémy-de-Provence,CITY
Saint-Rémy-de-Provence Gezisi,ACTIVITY
Sala Rattanakosin Restaurant,RESTAURANT
Sala’s Camp,HOTEL
Salzbergwerk Berchtesgaden,ACTIVITY
Salzburg,CITY
Salzburg Kalesi,ACTIVITY
San Casciano Val di Pesa,CITY
San Casciano Val di Pesa,HIGHLIGHT
San Casciano Val di Pesa kasabası ziyareti,ACTIVITY
San Gimignano,CITY
San Gimignano,HIGHLIGHT
San Gimignano UNESCO Dünya Mirası,ACTIVITY
San Gimignano gezisi,ACTIVITY
San Gimignano kasabası gezisi,ACTIVITY
San Giuseppe Kilisesi - Lecce,ACTIVITY
San Sebastian,CITY
San Sebastian Şehir Gezisi,ACTIVITY
San Sebastián,CITY
San Sebastián,HIGHLIGHT
San Sebastián ve Bask Bölgesi Gezisi (Can Özdemir),TRIP
San Sebastián Şehir Gezisi,ACTIVITY
San Telmo Müzesi - San Sebastián,ACTIVITY
Sanat Galerileri - Saint-Jean-de-Luz,ACTIVITY
Sanat Galerisi - Melbourne,ACTIVITY
Sanctuary Olonana,HOTEL
Santa Catarina Caddesi,ACTIVITY
Santa Clara,CITY
Santa Clara,HIGHLIGHT
Santa Clara gezisi ve Che Guevara Anıt Mezarı ziyareti,ACTIVITY
Santa Claus Village Gezisi,ACTIVITY
Santa Croce Bazilikası - Lecce,ACTIVITY
Santa’s Igloos Arctic Circle,HOTEL
Santiago,CITY
Santiago Katedrali,ACTIVITY
Sant’Oronzo Meydanı - Lecce,ACTIVITY
Satyricon Restaurant,RESTAURANT
Savoca,CITY
Savoca köyü gezisi,ACTIVITY
Seasgair Hotel,HOTEL
Senglea,CITY
"Senglea, Vittoriosa ve Cospicua üçlü gezisi",ACTIVITY
Serengeti,CITY
Serengeti Ulusal Parkı Safari,ACTIVITY
Serralves Müzesi,ACTIVITY
Sevilla,CITY
Sevilla,HIGHLIGHT
Sevilla Katedrali,ACTIVITY
Sevilla şehir turu,ACTIVITY
Sfenks,ACTIVITY
Sfenks,HIGHLIGHT
Sfenks ziyareti,ACTIVITY
Sicilya & Malta Gezisi,TRIP
Sicilya Gezisi,TRIP
Siem Reap,CITY
Siem Reap,HIGHLIGHT
"Siem Reap (Angkor) gezisi: Angkor Thom, Bayon Tapınağı, Baphuon, Kraliyet Sarayı, Fil Terası",ACTIVITY
Siem Reap Angkor Wat ziyareti,ACTIVITY
"Siem Reap – Bangkok uçuşu (PG914, Bangkok Airways)",TRANSPORT
"Siem Reap’te Angkor Wat, Angkor Thom, Bayon ve Ta Prohm gezileri",ACTIVITY
Siena,CITY
Siena,HIGHLIGHT
Siena Şehir Merkezi,ACTIVITY
Siena şehir turu,ACTIVITY
Singapore,CITY
Singapur,COUNTRY
Singita Lodge,HOTEL
Singita Sasakawa Lodge,HOTEL
Siracusa,CITY
Siracusa,HIGHLIGHT
Siracusa Arkeoloji Parkı,ACTIVITY
Siracusa ve Noto ziyaretleri,ACTIVITY
Six Bridges Tekne Turu,ACTIVITY
Skaftafell National Park,ACTIVITY
Snowmobile Safari,ACTIVITY
Sofitel Legend Metropole (Hanoi),HOTEL
Sofitel Legend Metropole Hanoi,HOTEL
Solferino Restaurant,RESTAURANT
Sonbahar,SEASON
Sorakuen Bahçesi ve Kobe eski yerleşim yeri gezisi,ACTIVITY
Sorrento,CITY
Sorrento Gezisi,ACTIVITY
Sorrento Peninsula Arkeoloji Müzesi,ACTIVITY
Soweto,CITY
Soweto gezisi ve Nelson Mandela’nın Evi ziyareti,ACTIVITY
Spice Route,RESTAURANT
Square Nine Hotel,HOTEL
St Wolfgang,CITY
Stellenbosch,CITY
Stellenbosch,HIGHLIGHT
Stellenbosch Vadisi Şarap Bağları,ACTIVITY
Stellenbosch Şarap Evleri,ACTIVITY
Stellenbosch şarap bağları gezisi,ACTIVITY
Stellenbosch şarap bağları turu,ACTIVITY
Sultan Hassan Camii,ACTIVITY
Surfers Paradise,CITY
Surfers Paradise - Gold Coast,ACTIVITY
Svartifoss Şelalesi,ACTIVITY
Svolvær,CITY
Svolvær,HIGHLIGHT
Svolvær gezisi,ACTIVITY
Sydney,CITY
Sydney,HIGHLIGHT
Sydney Harbour Bridge,ACTIVITY
Sydney Harbour Marriott Hotel at Circular Quay,HOTEL
Sydney Harbour Tekne Turu & Havai Fişek Gösterisi,ACTIVITY
Sydney Köprüsü,ACTIVITY
Sydney Opera Binası,ACTIVITY
Sydney Opera Binası & Harbour Bridge,ACTIVITY
Sydney Opera House,ACTIVITY
Syracuse,CITY
Syracuse Katedrali,ACTIVITY
São Bento Tren İstasyonu,ACTIVITY
São Francisco Kilisesi,ACTIVITY
Sırbistan,COUNTRY
TANZANYA & ZANZIBAR TURU 08 – 17 OCAK 2024,TRIP
TAPAS BAR,RESTAURANT
TAVERNAS,RESTAURANT
TAYLAND TURU 5 – 18 ŞUBAT,TRIP
THESSALONIKI,CITY
THESSALONIKI INN,HOTEL
THESSALONIKI OLD TOWN,ACTIVITY
TIMES SQUARE,ACTIVITY
TOKYO,CITY
TOKYO ESSENTIALS 2025,TRIP
TOPKAPI PALACE,ACTIVITY
TOWER OF LONDON,ACTIVITY
TRAFALGAR RESTAURANT,RESTAURANT
TRAIN,TRANSPORT
TRAM,TRANSPORT
TRASTEVERE TRATTORIA,RESTAURANT
TRATTORIA ROMANA,RESTAURANT
TURKEY,COUNTRY
TURKEY TOUR 2024,TRIP
Tadao Ando Café Restaurant,RESTAURANT
Tai Po Old Market - Hong Kong,ACTIVITY
Taj Lake Palace,HOTEL
Taktsang (Tiger’s Nest) Manastırı - Paro,ACTIVITY
Tam Gün Tekne Gezisi,ACTIVITY
Tango Gösterisi - Buenos Aires,ACTIVITY
Tango House,RESTAURANT
Tanzanya,COUNTRY
Taormina,CITY
Taormina,HIGHLIGHT
Taormina Gezisi,ACTIVITY
Taormina şehir turu,ACTIVITY
Tayland,COUNTRY
Tayland,HIGHLIGHT
Tayland & Endonezya Gezisi,TRIP
Tayland & Vietnam Gezisi,TRIP
Tayland Gezi Önerileri,TRIP
Tayland içi transferler,TRANSPORT
Tekapo,CITY
Terrace Rim Naam,RESTAURANT
Teshima,CITY
Teshima,HIGHLIGHT
Teshima Sanat Müzesi,ACTIVITY
Teshima Yokoo Evi,ACTIVITY
The Biltmore Mayfair Hotel,HOTEL
The Craigellachie Hotel,HOTEL
The Guild Dubai,RESTAURANT
The Lookout Cafe,RESTAURANT
The MAINE Oyster Bar & Grill JBR,RESTAURANT
The Market Restaurant (Vietnam),RESTAURANT
The Rees Hotel & Luxury Apartments,HOTEL
The Resort at Pelican Hill,HOTEL
The Restaurant at Address Dubai Mall,RESTAURANT
The Retreat (günübirlik kullanım),HOTEL
"The Retreat (kahvaltı, öğle yemeği)",RESTAURANT
The Ritz Carlton Ras Al Khaimah,HOTEL
The St. Regis Mexico City,HOTEL
"The St. Regis Saadiyat Island Resort, Abu Dhabi",HOTEL
The Surin,HOTEL
The Surin Phuket,HIGHLIGHT
The Surin Phuket,HOTEL
The Table Bay,HOTEL
"The Tasman, a Luxury Collection Hotel, Hobart",HOTEL
Thimphu,CITY
Thimphu Şehir Turu,ACTIVITY
Tierra del Fuego Milli Parkı - Ushuaia,ACTIVITY
Tokyo,CITY
Tokyo,HIGHLIGHT
Tokyo şehir turu,ACTIVITY
Torre dos Clérigos,ACTIVITY
Toskana,CITY
Toskana,HIGHLIGHT
Toskana Bağ Bozumu Programı,TRIP
Toskana Gezisi,TRIP
Toskana Gezisi - Bayram Programı,TRIP
Toskana Gezisi - Selen Zorlu,TRIP
Toskana içi kara transferleri,TRANSPORT
Toskana kırsalı,CITY
Toskana ve Floransa içi kara transferleri,TRANSPORT
Toskana’da şarap bağları ve bölgesel geziler,ACTIVITY
Tour de Fromages - Cluny,ACTIVITY
Tours,CITY
Tours Şehri Gezisi,ACTIVITY
Trattoria Alla Madonna,RESTAURANT
Treehotel,HOTEL
Trinidad,CITY
Trinidad,HIGHLIGHT
Trinidad gezisi ve La Canchanchara Bar ziyareti,ACTIVITY
Trulli Evleri - Alberobello,ACTIVITY
Tuktuk Gezisi & Rehberli Yürüyüş Turu,ACTIVITY
Tulum,CITY
Tulum,HIGHLIGHT
Türk Hava Yolları TK1323,TRANSPORT
Türk Hava Yolları TK1393,TRANSPORT
Türk Hava Yolları TK1467,TRANSPORT
Türk Hava Yolları TK168,TRANSPORT
Türk Hava Yolları TK169,TRANSPORT
Türk Hava Yolları TK174,TRANSPORT
Türk Hava Yolları TK181,TRANSPORT
Türk Hava Yolları TK184,TRANSPORT
Türk Hava Yolları TK1864,TRANSPORT
Türk Hava Yolları TK1867,TRANSPORT
Türk Hava Yolları TK2175,TRANSPORT
Türk Hava Yolları TK2341,TRANSPORT
Türk Hava Yolları TK44,TRANSPORT
Türk Hava Yolları TK68,TRANSPORT
Türk Hava Yolları TK716,TRANSPORT
Türk Hava Yolları İstanbul - Rio Uçuşu,TRANSPORT
Türkiye,COUNTRY
Türkiye,HIGHLIGHT
UDON HOUSE,RESTAURANT
UNDERGROUND,TRANSPORT
UNITED KINGDOM,COUNTRY
UNITED STATES,COUNTRY
URGUP,CITY
USA Gezisi - Selen Zorlu,TRIP
Udaipur,CITY
Udaipur,HIGHLIGHT
Udaipur City Palace ve göl çevresi gezisi,ACTIVITY
Udaipur City Palace ziyareti,ACTIVITY
Udaipur göl gezileri ve saray ziyareti,ACTIVITY
Udaipur göl gezisi,ACTIVITY
Udayan Terrace,RESTAURANT
Ula Beach RAK,RESTAURANT
Ulusal Müze - Sydney,ACTIVITY
Uluslararası uçuşlar,TRANSPORT
Uno Hotel,HOTEL
Urla,CITY
Urla,HIGHLIGHT
Urla Sanat Sokağı,ACTIVITY
Ushuaia,CITY
Ushuaia,HIGHLIGHT
V&A Waterfront,ACTIVITY
V&A Waterfront,HIGHLIGHT
VENEDİK & MİLANO TURU 08 – 12,TRIP
VENICE,CITY
VENICE SUITES,HOTEL
Valletta,CITY
Valletta,HIGHLIGHT
Valletta şehir turu,ACTIVITY
Varanasi,CITY
Varanasi,HIGHLIGHT
Varanasi’de Ganj Nehri kıyısında Aarti töreni,ACTIVITY
Venedik,CITY
Venedik,HIGHLIGHT
Venedik Bienali ülke pavyonları turu,ACTIVITY
Venedik içi deniz taksi transferleri,TRANSPORT
Victoria Eugenia Tiyatrosu - San Sebastián,ACTIVITY
Vietnam,COUNTRY
Vietnam,HIGHLIGHT
Vietnam & Bangkok Gezisi - Gökhan Mendi,TRIP
Vietnam & Kamboçya Gezisi,TRIP
Vietnam Gezisi,TRIP
Vietnam içi transferler,TRANSPORT
Villa Piedimonte,HOTEL
Vinales,CITY
Vinales,HIGHLIGHT
Vinales tütün tarlaları ve çiftlik ziyareti,ACTIVITY
"Vinales şehir merkezi, tütün tarlaları ve çiftlik ziyareti",ACTIVITY
Vinum Restaurant & Wine Bar,RESTAURANT
Violet Cruise (Ha Long Körfezi),HOTEL
Violet Cruise – Ha Long Körfezi tekne yolculuğu,TRANSPORT
Vittoriosa,CITY
Volcanoes National Park,CITY
Volcanoes National Park Gorilla Trekking,ACTIVITY
Volvo EX90 Basın Seyahati - Los Angeles,TRIP
Vézelay,CITY
Vézelay,HIGHLIGHT
WHITE Beach Dubai,RESTAURANT
Wadi Rum,CITY
Wadi Rum,HIGHLIGHT
Wadi Rum çöl safarisi,ACTIVITY
Wang Lang Market - Bangkok,ACTIVITY
Wat Arun Tapınakları - Bangkok,ACTIVITY
Wat Pho Tapınağı - Bangkok,ACTIVITY
Wat Suthat Tapınağı - Bangkok,ACTIVITY
Water Villa One Bedroom,HOTEL
Water Villa with Pool,HOTEL
Wellington,CITY
Wong Tai Sin Tapınağı - Hong Kong,ACTIVITY
Woodend Restaurant,RESTAURANT
Yangon,CITY
Yangon,HIGHLIGHT
Yangon şehir turu,ACTIVITY
Yaz,SEASON
Yengeç Restoran - Urla İskele,RESTAURANT
Yeni Zelanda,COUNTRY
Yeni Zelanda,HIGHLIGHT
Yerel Lüks Restoran - Adelaide,RESTAURANT
Yerel aile evi – çay ve taze meyve ikramı,RESTAURANT
"Yerel restoranlarda öğle yemekleri (Hanoi, Ho Chi Minh turları sırasında)",RESTAURANT
Yunan Tiyatrosu - Siracusa,ACTIVITY
Zambiya,COUNTRY
Zanzibar,CITY
Å,CITY
Å köyü gezisi,ACTIVITY
Çekya,COUNTRY
Çekya,HIGHLIGHT
Çin,COUNTRY
Çin,HIGHLIGHT
Çiçek Kültürü Müzesi - Bangkok,ACTIVITY
Église Saint-Symphorien - Nuits-Saint-Georges,ACTIVITY
Ümit Burnu Kalesi,ACTIVITY
Ürdün,COUNTRY
Ürdün,HIGHLIGHT
Ürdün Gezisi,TRIP
Ürdün Gezisi - Berrin Zorlu,TRIP
Ürdün içi kara transferleri,TRANSPORT
İSTANBUL – KAPADOKYA – İZMİR TURU 23 TEMMUZ – 2 AĞUSTOS 2023,TRIP
İZLANDA TURU 18 – 24 MAYIS,TRIP
İlkbahar,SEASON
İngiltere,COUNTRY
İngiltere,HIGHLIGHT
İskoçya,COUNTRY
İspanya,COUNTRY
İspanya,HIGHLIGHT
İstanbul,CITY
İstanbul - Bilbao Uçuşu,TRANSPORT
İstanbul - Katmandu Uçuşu,TRANSPORT
İstanbul - Lyon Uçuşu,TRANSPORT
İstanbul - Nairobi Uçuşu,TRANSPORT
İstanbul - Rovaniemi Uçuşu,TRANSPORT
İstanbul – Abu Dhabi uçuşu,TRANSPORT
"İstanbul – Amman uçuşu (TK812, Türk Hava Yolları)",TRANSPORT
"İstanbul – Amman uçuşu (TK816, Türk Hava Yolları)",TRANSPORT
"İstanbul – Bangkok uçuşu (TK68, Türk Hava Yolları)",TRANSPORT
İstanbul – Bangkok – Vietnam uçuşları (THY 69),TRANSPORT
İstanbul – Barselona uçuşu,TRANSPORT
"İstanbul – Bologna uçuşu (TK1321, Türk Hava Yolları)",TRANSPORT
İstanbul – Bologna uçuşu (Türk Hava Yolları),TRANSPORT
İstanbul – Cape Town uçuşu (TK44),TRANSPORT
İstanbul – Delhi uçuşu (TK716),TRANSPORT
"İstanbul – Delhi uçuşu (TK716, Türk Hava Yolları)",TRANSPORT
"İstanbul – Doha uçuşu (QR 246, Qatar Airways)",TRANSPORT
İstanbul – Fas uçuşu,TRANSPORT
"İstanbul – Hanoi uçuşu (TK 166, Türk Hava Yolları)",TRANSPORT
"İstanbul – Hanoi uçuşu (TK164, Türk Hava Yolları)",TRANSPORT
İstanbul – Havana uçuşu (TK183),TRANSPORT
"İstanbul – Ho Chi Minh uçuşu (TK168, Türk Hava Yolları)",TRANSPORT
"İstanbul – Johannesburg uçuşu (TK38, Türk Hava Yolları)",TRANSPORT
İstanbul – Johannesburg uçuşu (TK42),TRANSPORT
"İstanbul – Kahire uçuşu (TK694D, Türk Hava Yolları)",TRANSPORT
İstanbul – Katanya uçuşu TK 1395,ACTIVITY
İstanbul – Katanya uçuşu TK 1395,TRANSPORT
"İstanbul – Lima uçuşu (TK800, Türk Hava Yolları, Panama aktarmalı CM337)",TRANSPORT
İstanbul – Lizbon uçuşu TK 1759,TRANSPORT
İstanbul – Londra uçuşu (THY 1979),TRANSPORT
İstanbul – Los Angeles uçuşu,TRANSPORT
"İstanbul – Malaga uçuşu (TK1303, Türk Hava Yolları)",TRANSPORT
İstanbul – Mardin uçuşu (TK2674),TRANSPORT
İstanbul – Marsilya uçuşu (TK1365),TRANSPORT
İstanbul – Marsilya uçuşu (TK1367),TRANSPORT
"İstanbul – Marsilya uçuşu (TK1367, Türk Hava Yolları)",TRANSPORT
İstanbul – Mexico City uçuşu (TK184),TRANSPORT
İstanbul – Nairobi uçuşu (TK607),TRANSPORT
İstanbul – Oslo – Svolvær uçuşu,TRANSPORT
"İstanbul – Phuket uçuşu (TK172, Türk Hava Yolları)",TRANSPORT
"İstanbul – Prag uçuşu (TK1769, Türk Hava Yolları)",TRANSPORT
İstanbul – Tokyo uçuşu,TRANSPORT
İstanbul – Tokyo uçuşu (TK50),TRANSPORT
İstanbul – Venedik uçuşu (THY 1867),TRANSPORT
İstanbul – Yangon uçuşu,TRANSPORT
İsveç,COUNTRY
İtalya,COUNTRY
İtalya,HIGHLIGHT
"İtalya Gezisi - Bologna, Floransa, Toskana & Forte dei Marmi",TRIP
İzlanda,CITY
İzlanda,COUNTRY
İzmir,CITY
İzmir,HIGHLIGHT
İzmir’in En Güzel Köyleri - Şirince & Urla,TRIP
Şehir içi araç ile transferler,TRANSPORT
Şehir içi transferler,TRANSPORT
Şehir içi ve havalimanı transferleri,TRANSPORT
Şehir içi ve lodge transferleri,TRANSPORT
Şehir içi ve otel transferleri,TRANSPORT
Şehir içi özel transferler,TRANSPORT
Şili,COUNTRY
Şirince,CITY
Şirince,HIGHLIGHT
Şirince Köyü,ACTIVITY
Şirince Çarşısı,ACTIVITY
"['ISTANBUL', 'SOFIA']",CITY
['SKOPJE'],CITY
